gcm,ssp,period,class,mean_elevation_m,median_elevation_m,p25_m,p75_m,p10_m,p90_m
ACCESS-CM2,ssp126,2041-2060,current_suitable,23.64,0.00,0.00,0.00,0.00,0.00
ACCESS-CM2,ssp126,2041-2060,future_suitable,0.00,0.00,0.00,0.00,0.00,0.00
ACCESS-CM2,ssp126,2041-2060,stable,0.00,0.00,0.00,0.00,0.00,0.00
ACCESS-CM2,ssp126,2041-2060,loss,36.22,0.00,0.00,0.00,0.00,0.00
ACCESS-CM2,ssp126,2061-2080,current_suitable,23.64,0.00,0.00,0.00,0.00,0.00
ACCESS-CM2,ssp126,2061-2080,future_suitable,0.00,0.00,0.00,0.00,0.00,0.00
ACCESS-CM2,ssp126,2061-2080,stable,0.00,0.00,0.00,0.00,0.00,0.00
ACCESS-CM2,ssp126,2061-2080,loss,36.25,0.00,0.00,0.00,0.00,0.00
ACCESS-CM2,ssp245,2041-2060,current_suitable,23.64,0.00,0.00,0.00,0.00,0.00
ACCESS-CM2,ssp245,2041-2060,future_suitable,0.00,0.00,0.00,0.00,0.00,0.00
ACCESS-CM2,ssp245,2041-2060,stable,0.00,0.00,0.00,0.00,0.00,0.00
ACCESS-CM2,ssp245,2041-2060,loss,36.07,0.00,0.00,0.00,0.00,0.00
ACCESS-CM2,ssp245,2061-2080,current_suitable,23.64,0.00,0.00,0.00,0.00,0.00
ACCESS-CM2,ssp245,2061-2080,future_suitable,0.00,0.00,0.00,0.00,0.00,0.00
ACCESS-CM2,ssp245,2061-2080,stable,0.00,0.00,0.00,0.00,0.00,0.00
ACCESS-CM2,ssp245,2061-2080,loss,35.99,0.00,0.00,0.00,0.00,0.00
ACCESS-CM2,ssp370,2061-2080,current_suitable,23.64,0.00,0.00,0.00,0.00,0.00
ACCESS-CM2,ssp370,2061-2080,future_suitable,0.00,0.00,0.00,0.00,0.00,0.00
ACCESS-CM2,ssp370,2061-2080,stable,0.00,0.00,0.00,0.00,0.00,0.00
ACCESS-CM2,ssp370,2061-2080,gain,0.00,0.00,0.00,0.00,0.00,0.00
ACCESS-CM2,ssp370,2061-2080,loss,35.92,0.00,0.00,0.00,0.00,0.00
ACCESS-CM2,ssp585,2041-2060,current_suitable,23.64,0.00,0.00,0.00,0.00,0.00
ACCESS-CM2,ssp585,2041-2060,future_suitable,0.00,0.00,0.00,0.00,0.00,0.00
ACCESS-CM2,ssp585,2041-2060,stable,0.00,0.00,0.00,0.00,0.00,0.00
ACCESS-CM2,ssp585,2041-2060,loss,36.00,0.00,0.00,0.00,0.00,0.00
ACCESS-CM2,ssp585,2061-2080,current_suitable,23.64,0.00,0.00,0.00,0.00,0.00
ACCESS-CM2,ssp585,2061-2080,future_suitable,0.00,0.00,0.00,0.00,0.00,0.00
ACCESS-CM2,ssp585,2061-2080,stable,0.00,0.00,0.00,0.00,0.00,0.00
ACCESS-CM2,ssp585,2061-2080,gain,0.00,0.00,0.00,0.00,0.00,0.00
ACCESS-CM2,ssp585,2061-2080,loss,35.81,0.00,0.00,0.00,0.00,0.00
BCC-CSM2-MR,ssp126,2041-2060,current_suitable,23.64,0.00,0.00,0.00,0.00,0.00
BCC-CSM2-MR,ssp126,2041-2060,future_suitable,0.00,0.00,0.00,0.00,0.00,0.00
BCC-CSM2-MR,ssp126,2041-2060,stable,0.00,0.00,0.00,0.00,0.00,0.00
BCC-CSM2-MR,ssp126,2041-2060,loss,36.06,0.00,0.00,0.00,0.00,0.00
BCC-CSM2-MR,ssp126,2061-2080,current_suitable,23.64,0.00,0.00,0.00,0.00,0.00
BCC-CSM2-MR,ssp126,2061-2080,future_suitable,0.00,0.00,0.00,0.00,0.00,0.00
BCC-CSM2-MR,ssp126,2061-2080,stable,0.00,0.00,0.00,0.00,0.00,0.00
BCC-CSM2-MR,ssp126,2061-2080,loss,36.20,0.00,0.00,0.00,0.00,0.00
BCC-CSM2-MR,ssp245,2061-2080,current_suitable,23.64,0.00,0.00,0.00,0.00,0.00
BCC-CSM2-MR,ssp245,2061-2080,future_suitable,0.00,0.00,0.00,0.00,0.00,0.00
BCC-CSM2-MR,ssp245,2061-2080,stable,0.00,0.00,0.00,0.00,0.00,0.00
BCC-CSM2-MR,ssp245,2061-2080,gain,0.00,0.00,0.00,0.00,0.00,0.00
BCC-CSM2-MR,ssp245,2061-2080,loss,36.00,0.00,0.00,0.00,0.00,0.00
BCC-CSM2-MR,ssp370,2041-2060,current_suitable,23.64,0.00,0.00,0.00,0.00,0.00
BCC-CSM2-MR,ssp370,2041-2060,future_suitable,0.00,0.00,0.00,0.00,0.00,0.00
BCC-CSM2-MR,ssp370,2041-2060,stable,0.00,0.00,0.00,0.00,0.00,0.00
BCC-CSM2-MR,ssp370,2041-2060,gain,0.00,0.00,0.00,0.00,0.00,0.00
BCC-CSM2-MR,ssp370,2041-2060,loss,36.10,0.00,0.00,0.00,0.00,0.00
BCC-CSM2-MR,ssp370,2061-2080,current_suitable,23.64,0.00,0.00,0.00,0.00,0.00
BCC-CSM2-MR,ssp370,2061-2080,future_suitable,0.00,0.00,0.00,0.00,0.00,0.00
BCC-CSM2-MR,ssp370,2061-2080,stable,0.00,0.00,0.00,0.00,0.00,0.00
BCC-CSM2-MR,ssp370,2061-2080,loss,35.90,0.00,0.00,0.00,0.00,0.00
BCC-CSM2-MR,ssp585,2041-2060,current_suitable,23.64,0.00,0.00,0.00,0.00,0.00
BCC-CSM2-MR,ssp585,2041-2060,future_suitable,0.00,0.00,0.00,0.00,0.00,0.00
BCC-CSM2-MR,ssp585,2041-2060,stable,0.00,0.00,0.00,0.00,0.00,0.00
BCC-CSM2-MR,ssp585,2041-2060,loss,35.67,0.00,0.00,0.00,0.00,0.00
BCC-CSM2-MR,ssp585,2061-2080,current_suitable,23.64,0.00,0.00,0.00,0.00,0.00
BCC-CSM2-MR,ssp585,2061-2080,future_suitable,0.00,0.00,0.00,0.00,0.00,0.00
BCC-CSM2-MR,ssp585,2061-2080,stable,0.00,0.00,0.00,0.00,0.00,0.00
BCC-CSM2-MR,ssp585,2061-2080,gain,0.00,0.00,0.00,0.00,0.00,0.00
BCC-CSM2-MR,ssp585,2061-2080,loss,35.67,0.00,0.00,0.00,0.00,0.00
MIROC6,ssp126,2061-2080,current_suitable,23.64,0.00,0.00,0.00,0.00,0.00
MIROC6,ssp126,2061-2080,future_suitable,0.00,0.00,0.00,0.00,0.00,0.00
MIROC6,ssp126,2061-2080,stable,0.00,0.00,0.00,0.00,0.00,0.00
MIROC6,ssp126,2061-2080,loss,36.67,0.00,0.00,0.00,0.00,0.00
MIROC6,ssp245,2041-2060,current_suitable,23.64,0.00,0.00,0.00,0.00,0.00
MIROC6,ssp245,2041-2060,future_suitable,0.00,0.00,0.00,0.00,0.00,0.00
MIROC6,ssp245,2041-2060,stable,0.00,0.00,0.00,0.00,0.00,0.00
MIROC6,ssp245,2041-2060,loss,36.49,0.00,0.00,0.00,0.00,0.00
MIROC6,ssp245,2061-2080,current_suitable,23.64,0.00,0.00,0.00,0.00,0.00
MIROC6,ssp245,2061-2080,future_suitable,0.00,0.00,0.00,0.00,0.00,0.00
MIROC6,ssp245,2061-2080,stable,0.00,0.00,0.00,0.00,0.00,0.00
MIROC6,ssp245,2061-2080,loss,36.68,0.00,0.00,0.00,0.00,0.00
MIROC6,ssp370,2061-2080,current_suitable,23.64,0.00,0.00,0.00,0.00,0.00
MIROC6,ssp370,2061-2080,future_suitable,0.00,0.00,0.00,0.00,0.00,0.00
MIROC6,ssp370,2061-2080,stable,0.00,0.00,0.00,0.00,0.00,0.00
MIROC6,ssp370,2061-2080,loss,36.45,0.00,0.00,0.00,0.00,0.00
MIROC6,ssp585,2041-2060,current_suitable,23.64,0.00,0.00,0.00,0.00,0.00
MIROC6,ssp585,2041-2060,future_suitable,0.00,0.00,0.00,0.00,0.00,0.00
MIROC6,ssp585,2041-2060,stable,0.00,0.00,0.00,0.00,0.00,0.00
MIROC6,ssp585,2041-2060,loss,36.51,0.00,0.00,0.00,0.00,0.00
MIROC6,ssp585,2061-2080,current_suitable,23.64,0.00,0.00,0.00,0.00,0.00
MIROC6,ssp585,2061-2080,future_suitable,0.00,0.00,0.00,0.00,0.00,0.00
MIROC6,ssp585,2061-2080,stable,0.00,0.00,0.00,0.00,0.00,0.00
MIROC6,ssp585,2061-2080,loss,36.49,0.00,0.00,0.00,0.00,0.00
MPI-ESM1-2-HR,ssp126,2041-2060,current_suitable,23.64,0.00,0.00,0.00,0.00,0.00
MPI-ESM1-2-HR,ssp126,2041-2060,future_suitable,0.00,0.00,0.00,0.00,0.00,0.00
MPI-ESM1-2-HR,ssp126,2041-2060,stable,0.00,0.00,0.00,0.00,0.00,0.00
MPI-ESM1-2-HR,ssp126,2041-2060,loss,36.20,0.00,0.00,0.00,0.00,0.00
MPI-ESM1-2-HR,ssp126,2061-2080,current_suitable,23.64,0.00,0.00,0.00,0.00,0.00
MPI-ESM1-2-HR,ssp126,2061-2080,future_suitable,0.00,0.00,0.00,0.00,0.00,0.00
MPI-ESM1-2-HR,ssp126,2061-2080,stable,0.00,0.00,0.00,0.00,0.00,0.00
MPI-ESM1-2-HR,ssp126,2061-2080,loss,36.20,0.00,0.00,0.00,0.00,0.00
MPI-ESM1-2-HR,ssp245,2041-2060,current_suitable,23.64,0.00,0.00,0.00,0.00,0.00
MPI-ESM1-2-HR,ssp245,2041-2060,future_suitable,0.00,0.00,0.00,0.00,0.00,0.00
MPI-ESM1-2-HR,ssp245,2041-2060,stable,0.00,0.00,0.00,0.00,0.00,0.00
MPI-ESM1-2-HR,ssp245,2041-2060,loss,36.28,0.00,0.00,0.00,0.00,0.00
MPI-ESM1-2-HR,ssp245,2061-2080,current_suitable,23.64,0.00,0.00,0.00,0.00,0.00
MPI-ESM1-2-HR,ssp245,2061-2080,future_suitable,0.00,0.00,0.00,0.00,0.00,0.00
MPI-ESM1-2-HR,ssp245,2061-2080,stable,0.00,0.00,0.00,0.00,0.00,0.00
MPI-ESM1-2-HR,ssp245,2061-2080,loss,36.13,0.00,0.00,0.00,0.00,0.00
MPI-ESM1-2-HR,ssp370,2041-2060,current_suitable,23.64,0.00,0.00,0.00,0.00,0.00
MPI-ESM1-2-HR,ssp370,2041-2060,future_suitable,0.00,0.00,0.00,0.00,0.00,0.00
MPI-ESM1-2-HR,ssp370,2041-2060,stable,0.00,0.00,0.00,0.00,0.00,0.00
MPI-ESM1-2-HR,ssp370,2041-2060,loss,36.12,0.00,0.00,0.00,0.00,0.00
MPI-ESM1-2-HR,ssp370,2061-2080,current_suitable,23.64,0.00,0.00,0.00,0.00,0.00
MPI-ESM1-2-HR,ssp370,2061-2080,future_suitable,0.00,0.00,0.00,0.00,0.00,0.00
MPI-ESM1-2-HR,ssp370,2061-2080,stable,0.00,0.00,0.00,0.00,0.00,0.00
MPI-ESM1-2-HR,ssp370,2061-2080,loss,35.94,0.00,0.00,0.00,0.00,0.00
MPI-ESM1-2-HR,ssp585,2041-2060,current_suitable,23.64,0.00,0.00,0.00,0.00,0.00
MPI-ESM1-2-HR,ssp585,2041-2060,future_suitable,0.00,0.00,0.00,0.00,0.00,0.00
MPI-ESM1-2-HR,ssp585,2041-2060,stable,0.00,0.00,0.00,0.00,0.00,0.00
MPI-ESM1-2-HR,ssp585,2041-2060,loss,35.98,0.00,0.00,0.00,0.00,0.00
MPI-ESM1-2-HR,ssp585,2061-2080,current_suitable,23.64,0.00,0.00,0.00,0.00,0.00
MPI-ESM1-2-HR,ssp585,2061-2080,future_suitable,0.00,0.00,0.00,0.00,0.00,0.00
MPI-ESM1-2-HR,ssp585,2061-2080,stable,0.00,0.00,0.00,0.00,0.00,0.00
MPI-ESM1-2-HR,ssp585,2061-2080,loss,35.90,0.00,0.00,0.00,0.00,0.00
MRI-ESM2-0,ssp126,2041-2060,current_suitable,23.64,0.00,0.00,0.00,0.00,0.00
MRI-ESM2-0,ssp126,2041-2060,future_suitable,0.00,0.00,0.00,0.00,0.00,0.00
MRI-ESM2-0,ssp126,2041-2060,stable,0.00,0.00,0.00,0.00,0.00,0.00
MRI-ESM2-0,ssp126,2041-2060,loss,36.24,0.00,0.00,0.00,0.00,0.00
MRI-ESM2-0,ssp126,2061-2080,current_suitable,23.64,0.00,0.00,0.00,0.00,0.00
MRI-ESM2-0,ssp126,2061-2080,future_suitable,0.00,0.00,0.00,0.00,0.00,0.00
MRI-ESM2-0,ssp126,2061-2080,stable,0.00,0.00,0.00,0.00,0.00,0.00
MRI-ESM2-0,ssp126,2061-2080,loss,36.18,0.00,0.00,0.00,0.00,0.00
MRI-ESM2-0,ssp245,2041-2060,current_suitable,23.64,0.00,0.00,0.00,0.00,0.00
MRI-ESM2-0,ssp245,2041-2060,future_suitable,0.00,0.00,0.00,0.00,0.00,0.00
MRI-ESM2-0,ssp245,2041-2060,stable,0.00,0.00,0.00,0.00,0.00,0.00
MRI-ESM2-0,ssp245,2041-2060,loss,35.95,0.00,0.00,0.00,0.00,0.00
MRI-ESM2-0,ssp245,2061-2080,current_suitable,23.64,0.00,0.00,0.00,0.00,0.00
MRI-ESM2-0,ssp245,2061-2080,future_suitable,0.00,0.00,0.00,0.00,0.00,0.00
MRI-ESM2-0,ssp245,2061-2080,stable,0.00,0.00,0.00,0.00,0.00,0.00
MRI-ESM2-0,ssp245,2061-2080,loss,35.98,0.00,0.00,0.00,0.00,0.00
MRI-ESM2-0,ssp370,2041-2060,current_suitable,23.64,0.00,0.00,0.00,0.00,0.00
MRI-ESM2-0,ssp370,2041-2060,future_suitable,0.00,0.00,0.00,0.00,0.00,0.00
MRI-ESM2-0,ssp370,2041-2060,stable,0.00,0.00,0.00,0.00,0.00,0.00
MRI-ESM2-0,ssp370,2041-2060,loss,36.00,0.00,0.00,0.00,0.00,0.00
MRI-ESM2-0,ssp370,2061-2080,current_suitable,23.64,0.00,0.00,0.00,0.00,0.00
MRI-ESM2-0,ssp370,2061-2080,future_suitable,0.00,0.00,0.00,0.00,0.00,0.00
MRI-ESM2-0,ssp370,2061-2080,stable,0.00,0.00,0.00,0.00,0.00,0.00
MRI-ESM2-0,ssp370,2061-2080,loss,35.91,0.00,0.00,0.00,0.00,0.00
MRI-ESM2-0,ssp585,2041-2060,current_suitable,23.64,0.00,0.00,0.00,0.00,0.00
MRI-ESM2-0,ssp585,2041-2060,future_suitable,0.00,0.00,0.00,0.00,0.00,0.00
MRI-ESM2-0,ssp585,2041-2060,stable,0.00,0.00,0.00,0.00,0.00,0.00
MRI-ESM2-0,ssp585,2041-2060,loss,35.98,0.00,0.00,0.00,0.00,0.00
MRI-ESM2-0,ssp585,2061-2080,current_suitable,23.64,0.00,0.00,0.00,0.00,0.00
MRI-ESM2-0,ssp585,2061-2080,future_suitable,0.00,0.00,0.00,0.00,0.00,0.00
MRI-ESM2-0,ssp585,2061-2080,stable,0.00,0.00,0.00,0.00,0.00,0.00
MRI-ESM2-0,ssp585,2061-2080,loss,35.80,0.00,0.00,0.00,0.00,0.00
