asset,path,size_bytes,sha256,crs,width,height,bands,dtype,nodata,transform
trained_models_part1.zip,实验1/08_final_models/models/brt_all_reps.joblib,746496498,2f30d667f35aefbcccc1564c4f13d9be69e8dd5d5d5a95262ec88cbc0e015061,,,,,,,
trained_models_part1.zip,实验1/08_final_models/models/maxent_all_reps.joblib,746496498,8de49d4eb13d91cc9223d1eb20a7b8bd19bfbfebdedc8a1a0af10737eb9cd19d,,,,,,,
trained_models_part2.zip,实验1/08_final_models/models/random_forest_all_reps.joblib,746496498,b39b4b41ae930d1b16527751a6f3afbc07cf59990779638985c3d4f2bd00acf7,,,,,,,
trained_models_part2.zip,实验1/08_final_models/models/xgboost_all_reps.joblib,746496498,df4f4e89323221be72e1c0eb06e0b9b66713ede2838ef92b93785999d51cfb78,,,,,,,
trained_models_part2.zip,实验3/18_handoff/models_for_future_projection/brt_cst_calibrated.joblib,4128026,b34c73e0f872a148214f202eae397555e084fb77fd5e1e0c6bfec33c5147ab1d,,,,,,,
trained_models_part2.zip,实验3/18_handoff/models_for_future_projection/maxent_cst_calibrated.joblib,1898,de6ace98139219efbd7b4f581ce27ddc71f122ba75b43be6a2b83188c8d3720f,,,,,,,
trained_models_part2.zip,实验3/18_handoff/models_for_future_projection/random_forest_cst_calibrated.joblib,19144099,25ede34875eebc1acce05b352ad5cb02f7c4c253ee3b0a290b88d8df4fcbaf03,,,,,,,
trained_models_part2.zip,实验3/18_handoff/models_for_future_projection/xgboost_cst_calibrated.joblib,784881,e984f1e2142f27dc02b1f973b20998636de6883e13a2fe0e7c539455f98a6754,,,,,,,
current_and_driver_maps.zip,实验1/09_current_prediction/current_binary_suitability.tif,683214,387a6a72009defd0e7bc79e9ac6663421a1f00be74e66289dcb3244c9c668a35,EPSG:4326,8640,4320,1,uint8,0.0,"0.0416666666667,0,-180,0,-0.0416666666667,90"
current_and_driver_maps.zip,实验1/09_current_prediction/current_ensemble_suitability.tif,3386922,f8fabdb63727e90c795fb1660f14204484a2ee3baf59490a0c3f3ae4925a236d,EPSG:4326,8640,4320,1,float32,nan,"0.0416666666667,0,-180,0,-0.0416666666667,90"
current_and_driver_maps.zip,实验1/09_current_prediction/current_relative_suitability_classes.tif,697011,76ce47a560de920240a3c43b264facac600c84ab1f87bcae86d19aed7d9288bb,EPSG:4326,8640,4320,1,uint8,255.0,"0.0416666666667,0,-180,0,-0.0416666666667,90"
current_and_driver_maps.zip,实验1/09_current_prediction/individual_models/brt_current_suitability.tif,3303707,6dd180d8f714f3cb5cc225b4e36c5613393c5c71f3f505bcaa0b96c4710ba10b,EPSG:4326,8640,4320,1,float32,nan,"0.0416666666667,0,-180,0,-0.0416666666667,90"
current_and_driver_maps.zip,实验1/09_current_prediction/individual_models/maxent_current_suitability.tif,3365602,ee3e954ffbdbaac0f45bcf1bcfe877ee360e14092495881254213ddaa8774230,EPSG:4326,8640,4320,1,float32,nan,"0.0416666666667,0,-180,0,-0.0416666666667,90"
current_and_driver_maps.zip,实验1/09_current_prediction/individual_models/random_forest_current_suitability.tif,3246301,88a5b17bc52ac3ec8c1a35c898601ee1876d11d5c395b662042a799b7ab5de55,EPSG:4326,8640,4320,1,float32,nan,"0.0416666666667,0,-180,0,-0.0416666666667,90"
current_and_driver_maps.zip,实验1/09_current_prediction/individual_models/xgboost_current_suitability.tif,3309125,38e8d9a41e5b456ca992ebe8beca9115b046a0488a5fcee523ab9c2360f2b512,EPSG:4326,8640,4320,1,float32,nan,"0.0416666666667,0,-180,0,-0.0416666666667,90"
current_and_driver_maps.zip,实验2/08_spatial_driver_map/dominant_driver_group.tif,2790967,a1644c0ec48cfec6a6335e3311aeb9b97036102d4ab5614a09dbf5fd75a65d57,EPSG:4326,8640,4320,1,float32,nan,"0.0416666666667,0,-180,0,-0.0416666666667,90"
current_and_driver_maps.zip,实验2/08_spatial_driver_map/dominant_driver_strength.tif,3385322,8d34fe8eeaad21f54fedcb9d2c7172ef2307868c9d7094cac5a7d3eebe2f1fda,EPSG:4326,8640,4320,1,float32,nan,"0.0416666666667,0,-180,0,-0.0416666666667,90"
current_and_driver_maps.zip,实验2/08_spatial_driver_map/dominant_driver_variable.tif,2854609,e6b20825a3031eccf623aa91dde2e3c3e51ee65116b2ca539cad7863b3b76bac,EPSG:4326,8640,4320,1,float32,nan,"0.0416666666667,0,-180,0,-0.0416666666667,90"
current_and_driver_maps.zip,实验3/11_spatial_group_contribution/climate_spatial_gain.tif,41244742,daa6e3dd7d3e7a44f8f4ff830a091daec38adb3ce70b528e1bfafee0de41c28a,EPSG:4326,8640,4320,1,float32,nan,"0.0416666666667,0,-180,0,-0.0416666666667,90"
current_and_driver_maps.zip,实验3/11_spatial_group_contribution/dominant_group_ablation.tif,4467906,16297ee98204f3568d0fe152dbe3d757a0a6b4c2b9a1dffe27fd0bfba7e283fc,EPSG:4326,8640,4320,1,float32,nan,"0.0416666666667,0,-180,0,-0.0416666666667,90"
current_and_driver_maps.zip,实验3/11_spatial_group_contribution/dominant_group_strength.tif,41611704,30701e9a9c47273351ebb56f8038c565186acdb58673ffe82896694c3951ff1b,EPSG:4326,8640,4320,1,float32,nan,"0.0416666666667,0,-180,0,-0.0416666666667,90"
current_and_driver_maps.zip,实验3/11_spatial_group_contribution/soil_spatial_gain.tif,44758492,168ad4629a2e890b5ff56496df22e049a1921dccb24b1b293d470c9994e82b93,EPSG:4326,8640,4320,1,float32,nan,"0.0416666666667,0,-180,0,-0.0416666666667,90"
current_and_driver_maps.zip,实验3/11_spatial_group_contribution/subset_maps/C_suitability.tif,30145399,4e03f5834705d386a50401044a951c0de94704bfadb92ad156f5ee7d9b071559,EPSG:4326,8640,4320,1,float32,nan,"0.0416666666667,0,-180,0,-0.0416666666667,90"
current_and_driver_maps.zip,实验3/11_spatial_group_contribution/subset_maps/CS_suitability.tif,40361344,b4ad99b83c118d25bd5c6623070a215b82321698733e337bbf19344c569bec2e,EPSG:4326,8640,4320,1,float32,nan,"0.0416666666667,0,-180,0,-0.0416666666667,90"
current_and_driver_maps.zip,实验3/11_spatial_group_contribution/subset_maps/CST_suitability.tif,40839785,c03f4b3b76f67f03666299144517a2d13836083bcb4e1783fb3f3d6dc2707a9e,EPSG:4326,8640,4320,1,float32,nan,"0.0416666666667,0,-180,0,-0.0416666666667,90"
current_and_driver_maps.zip,实验3/11_spatial_group_contribution/subset_maps/CT_suitability.tif,38620833,c9bfc4e38349958e0ffebb6135b92bfb48032176386042293bb9eefe66098ac6,EPSG:4326,8640,4320,1,float32,nan,"0.0416666666667,0,-180,0,-0.0416666666667,90"
current_and_driver_maps.zip,实验3/11_spatial_group_contribution/subset_maps/S_suitability.tif,4235039,20c995e799c8f5cb66c8879005b4a0b17dd2d7c00e77ebb7887e9aff9a443ff1,EPSG:4326,8640,4320,1,float32,nan,"0.0416666666667,0,-180,0,-0.0416666666667,90"
current_and_driver_maps.zip,实验3/11_spatial_group_contribution/subset_maps/ST_suitability.tif,4491207,299de32eee17c7026ab315315407e82663d09fd9004902c8c404f2a374a27979,EPSG:4326,8640,4320,1,float32,nan,"0.0416666666667,0,-180,0,-0.0416666666667,90"
current_and_driver_maps.zip,实验3/11_spatial_group_contribution/subset_maps/T_suitability.tif,4305186,85fe23c3126bbef9f4c29f444e6e948e1caf529ef0aeb455c0ad77e6c30304e9,EPSG:4326,8640,4320,1,float32,nan,"0.0416666666667,0,-180,0,-0.0416666666667,90"
current_and_driver_maps.zip,实验3/11_spatial_group_contribution/terrain_spatial_gain.tif,44984897,483261a2362d58945d8aa7ae18bf63938e10c2f98b4edfdd15b1548e1f9b45d4,EPSG:4326,8640,4320,1,float32,nan,"0.0416666666667,0,-180,0,-0.0416666666667,90"
future_suitability_summary.zip,实验4/08_future_predictions_ensemble/binary/ACCESS-CM2/ssp126/2041-2060/binary_suitability.tif,1065966,d8fa049a0496b0ff21b7a3afc0b0b63c67eda048f3a4aecfdc788dc26657275c,EPSG:4326,8640,4320,1,uint8,255.0,"0.0416666666667,0,-180,0,-0.0416666666667,90"
future_suitability_summary.zip,实验4/08_future_predictions_ensemble/binary/ACCESS-CM2/ssp126/2061-2080/binary_suitability.tif,1064512,740d67d52ced6e7f0082f71bfda8882022f18fbfaeb0d9c30729fe3a43e7e48b,EPSG:4326,8640,4320,1,uint8,255.0,"0.0416666666667,0,-180,0,-0.0416666666667,90"
future_suitability_summary.zip,实验4/08_future_predictions_ensemble/binary/ACCESS-CM2/ssp245/2041-2060/binary_suitability.tif,1065997,fc71f254004fb4ea42dcc11ab855cd5df904fb13b61a2e78d9d7880b590641ea,EPSG:4326,8640,4320,1,uint8,255.0,"0.0416666666667,0,-180,0,-0.0416666666667,90"
future_suitability_summary.zip,实验4/08_future_predictions_ensemble/binary/ACCESS-CM2/ssp245/2061-2080/binary_suitability.tif,1065789,d2ab493886d6f2c3020c132df444a4612653e49f201bc4dbf826e65871b17c63,EPSG:4326,8640,4320,1,uint8,255.0,"0.0416666666667,0,-180,0,-0.0416666666667,90"
future_suitability_summary.zip,实验4/08_future_predictions_ensemble/binary/ACCESS-CM2/ssp370/2061-2080/binary_suitability.tif,1067917,f2629c7d8dc7116d34caae8932c0a260677bcbfa7c68ccf1a8ea648403111de9,EPSG:4326,8640,4320,1,uint8,255.0,"0.0416666666667,0,-180,0,-0.0416666666667,90"
future_suitability_summary.zip,实验4/08_future_predictions_ensemble/binary/ACCESS-CM2/ssp585/2041-2060/binary_suitability.tif,1066059,a80e12fba9728bcea41fde04bae9e18e0258ca3d84e218b1b5eeafb6c53b270d,EPSG:4326,8640,4320,1,uint8,255.0,"0.0416666666667,0,-180,0,-0.0416666666667,90"
future_suitability_summary.zip,实验4/08_future_predictions_ensemble/binary/ACCESS-CM2/ssp585/2061-2080/binary_suitability.tif,1067069,8ac641dc3a55d06130388ec2cbe26ff9b7ab41474d40acb84d06c4b3927ca1e6,EPSG:4326,8640,4320,1,uint8,255.0,"0.0416666666667,0,-180,0,-0.0416666666667,90"
future_suitability_summary.zip,实验4/08_future_predictions_ensemble/binary/BCC-CSM2-MR/ssp126/2041-2060/binary_suitability.tif,1052416,aa5d8d48fd2ca9d9b3dec1615457c34cd448e94359857556790d17fccc4851b9,EPSG:4326,8640,4320,1,uint8,255.0,"0.0416666666667,0,-180,0,-0.0416666666667,90"
future_suitability_summary.zip,实验4/08_future_predictions_ensemble/binary/BCC-CSM2-MR/ssp126/2061-2080/binary_suitability.tif,1053717,fd33c83a12427aef08d2423499f0c1f5e10a945723d6428bd594979d2c3e4572,EPSG:4326,8640,4320,1,uint8,255.0,"0.0416666666667,0,-180,0,-0.0416666666667,90"
future_suitability_summary.zip,实验4/08_future_predictions_ensemble/binary/BCC-CSM2-MR/ssp245/2061-2080/binary_suitability.tif,1053766,05ccafe5418d336c1d61d5cbae373c3711c5b602fc80099247c13a6fbae64ccd,EPSG:4326,8640,4320,1,uint8,255.0,"0.0416666666667,0,-180,0,-0.0416666666667,90"
future_suitability_summary.zip,实验4/08_future_predictions_ensemble/binary/BCC-CSM2-MR/ssp370/2041-2060/binary_suitability.tif,1054928,f77090ea15860cf1a5aaefd4ad40585e936bbf95decf7bd76fa72f2713ba5090,EPSG:4326,8640,4320,1,uint8,255.0,"0.0416666666667,0,-180,0,-0.0416666666667,90"
future_suitability_summary.zip,实验4/08_future_predictions_ensemble/binary/BCC-CSM2-MR/ssp370/2061-2080/binary_suitability.tif,1056269,693d20158071ff19ed9fb83cb85f4d7f482ae31fbac0bf14547b028c2ee85b4f,EPSG:4326,8640,4320,1,uint8,255.0,"0.0416666666667,0,-180,0,-0.0416666666667,90"
future_suitability_summary.zip,实验4/08_future_predictions_ensemble/binary/BCC-CSM2-MR/ssp585/2041-2060/binary_suitability.tif,1052533,970ec80083c2e2792c0cfa10e6c10ff28d7ed0edeab694b71b7e4ec7f1d1444d,EPSG:4326,8640,4320,1,uint8,255.0,"0.0416666666667,0,-180,0,-0.0416666666667,90"
future_suitability_summary.zip,实验4/08_future_predictions_ensemble/binary/BCC-CSM2-MR/ssp585/2061-2080/binary_suitability.tif,1055959,01fa89d4e0fd8471f2206f3cbf2389210ec0ce410504acd14d85b96b4b097029,EPSG:4326,8640,4320,1,uint8,255.0,"0.0416666666667,0,-180,0,-0.0416666666667,90"
future_suitability_summary.zip,实验4/08_future_predictions_ensemble/binary/MIROC6/ssp126/2041-2060/binary_suitability.tif,1065369,8db8aa194e91fda28c7561cbd69f36cf921cbc1340cb061ef6bd7a1a95b4a9a7,EPSG:4326,8640,4320,1,uint8,255.0,"0.0416666666667,0,-180,0,-0.0416666666667,90"
future_suitability_summary.zip,实验4/08_future_predictions_ensemble/binary/MIROC6/ssp126/2061-2080/binary_suitability.tif,1065901,2e1025f93c13dcd706efd63fe20659b8f769e285d959fda54eeb82b9f340ffb2,EPSG:4326,8640,4320,1,uint8,255.0,"0.0416666666667,0,-180,0,-0.0416666666667,90"
future_suitability_summary.zip,实验4/08_future_predictions_ensemble/binary/MIROC6/ssp245/2041-2060/binary_suitability.tif,1067888,b0369267dd96517bab51c298b3a1158905ae0cb93269fc4423812d15c9d100a3,EPSG:4326,8640,4320,1,uint8,255.0,"0.0416666666667,0,-180,0,-0.0416666666667,90"
future_suitability_summary.zip,实验4/08_future_predictions_ensemble/binary/MIROC6/ssp245/2061-2080/binary_suitability.tif,1065878,297fd5e8bdaaaeb90bbdfa2f3e8572bc6e1db2a39f2d3eace99c380b3466cc8d,EPSG:4326,8640,4320,1,uint8,255.0,"0.0416666666667,0,-180,0,-0.0416666666667,90"
future_suitability_summary.zip,实验4/08_future_predictions_ensemble/binary/MIROC6/ssp370/2061-2080/binary_suitability.tif,1066598,4187d9e6495a470b456ea440c2cc8c97f9f4d05a181b19826b2c69e91d423ba6,EPSG:4326,8640,4320,1,uint8,255.0,"0.0416666666667,0,-180,0,-0.0416666666667,90"
future_suitability_summary.zip,实验4/08_future_predictions_ensemble/binary/MIROC6/ssp585/2041-2060/binary_suitability.tif,1066826,5fad63cd690b0252aa2ac82c7f7dbbbc42f1b3ee4ef0c3b250b28974c7594dd9,EPSG:4326,8640,4320,1,uint8,255.0,"0.0416666666667,0,-180,0,-0.0416666666667,90"
future_suitability_summary.zip,实验4/08_future_predictions_ensemble/binary/MIROC6/ssp585/2061-2080/binary_suitability.tif,1068248,ac671f8c1fe68765c88f3cf5a2b2229a27d4a5b3e69df83e32f6e41ea2432937,EPSG:4326,8640,4320,1,uint8,255.0,"0.0416666666667,0,-180,0,-0.0416666666667,90"
future_suitability_summary.zip,实验4/08_future_predictions_ensemble/binary/MPI-ESM1-2-HR/ssp126/2041-2060/binary_suitability.tif,1063373,b723b6160fcb24bd0f19156cd321058a000c03f7937316d3eb8bb7c03ce70ffc,EPSG:4326,8640,4320,1,uint8,255.0,"0.0416666666667,0,-180,0,-0.0416666666667,90"
future_suitability_summary.zip,实验4/08_future_predictions_ensemble/binary/MPI-ESM1-2-HR/ssp126/2061-2080/binary_suitability.tif,1058027,acf6bc3778f9c8e057d8983c88a120c5cc86492d359a6402a9f20763d94aac8c,EPSG:4326,8640,4320,1,uint8,255.0,"0.0416666666667,0,-180,0,-0.0416666666667,90"
future_suitability_summary.zip,实验4/08_future_predictions_ensemble/binary/MPI-ESM1-2-HR/ssp245/2041-2060/binary_suitability.tif,1062687,098ca76de67c60c74fa7f7912e267f56dbdb89938cafce5d8b856fe3b352a465,EPSG:4326,8640,4320,1,uint8,255.0,"0.0416666666667,0,-180,0,-0.0416666666667,90"
future_suitability_summary.zip,实验4/08_future_predictions_ensemble/binary/MPI-ESM1-2-HR/ssp245/2061-2080/binary_suitability.tif,1059412,16cf6426c5e9923bb431b50ef8d63263622555def24502e44b6cb2333c55b30d,EPSG:4326,8640,4320,1,uint8,255.0,"0.0416666666667,0,-180,0,-0.0416666666667,90"
future_suitability_summary.zip,实验4/08_future_predictions_ensemble/binary/MPI-ESM1-2-HR/ssp370/2041-2060/binary_suitability.tif,1064580,3bc123c125f4a9767a4f7938b029a1879ead7471bb00a07599f94618da3a3548,EPSG:4326,8640,4320,1,uint8,255.0,"0.0416666666667,0,-180,0,-0.0416666666667,90"
future_suitability_summary.zip,实验4/08_future_predictions_ensemble/binary/MPI-ESM1-2-HR/ssp370/2061-2080/binary_suitability.tif,1066051,65301d05ee772759c74012b04df0f5c3c4b7893a5b943d8ea039b8b502c8f3b1,EPSG:4326,8640,4320,1,uint8,255.0,"0.0416666666667,0,-180,0,-0.0416666666667,90"
future_suitability_summary.zip,实验4/08_future_predictions_ensemble/binary/MPI-ESM1-2-HR/ssp585/2041-2060/binary_suitability.tif,1063666,e023bb460d931fbab3352db80dda9ab4179d9e0f247703aa3829bb0f365ab56b,EPSG:4326,8640,4320,1,uint8,255.0,"0.0416666666667,0,-180,0,-0.0416666666667,90"
future_suitability_summary.zip,实验4/08_future_predictions_ensemble/binary/MPI-ESM1-2-HR/ssp585/2061-2080/binary_suitability.tif,1061825,40ada461db88b1138b9ab525ebbc793e189048fbcaac46adfbc2030e799f1cce,EPSG:4326,8640,4320,1,uint8,255.0,"0.0416666666667,0,-180,0,-0.0416666666667,90"
future_suitability_summary.zip,实验4/08_future_predictions_ensemble/binary/MRI-ESM2-0/ssp126/2041-2060/binary_suitability.tif,1061098,0059a74b331e984b533ab24d86b4fda99d0da977ccf42a0841375ee8a2ac9c3c,EPSG:4326,8640,4320,1,uint8,255.0,"0.0416666666667,0,-180,0,-0.0416666666667,90"
future_suitability_summary.zip,实验4/08_future_predictions_ensemble/binary/MRI-ESM2-0/ssp126/2061-2080/binary_suitability.tif,1061773,d262e901fc6612ee2077c03840c520471ed7cdd7d6bf0e4a329d10c9c04ef359,EPSG:4326,8640,4320,1,uint8,255.0,"0.0416666666667,0,-180,0,-0.0416666666667,90"
future_suitability_summary.zip,实验4/08_future_predictions_ensemble/binary/MRI-ESM2-0/ssp245/2041-2060/binary_suitability.tif,1062017,4759c1b39f29e6f64c02784eb9b0ac8946f4ea70eb0443f9947f96d4fb5590be,EPSG:4326,8640,4320,1,uint8,255.0,"0.0416666666667,0,-180,0,-0.0416666666667,90"
future_suitability_summary.zip,实验4/08_future_predictions_ensemble/binary/MRI-ESM2-0/ssp245/2061-2080/binary_suitability.tif,1061955,0b5d95181cbfa5e383ff013a1c93cfd0fbfee6fbdee8a5c7e1b666965eb00fce,EPSG:4326,8640,4320,1,uint8,255.0,"0.0416666666667,0,-180,0,-0.0416666666667,90"
future_suitability_summary.zip,实验4/08_future_predictions_ensemble/binary/MRI-ESM2-0/ssp370/2041-2060/binary_suitability.tif,1061924,0e0813388d8630e3f71e5c9e36b11e75ae17ce3340a5d9c1b0a2fe298c7350de,EPSG:4326,8640,4320,1,uint8,255.0,"0.0416666666667,0,-180,0,-0.0416666666667,90"
future_suitability_summary.zip,实验4/08_future_predictions_ensemble/binary/MRI-ESM2-0/ssp370/2061-2080/binary_suitability.tif,1057970,fb1bf74a75c8f7fbbbecefe49913e5795be176afc728b1a5514749f61500ec36,EPSG:4326,8640,4320,1,uint8,255.0,"0.0416666666667,0,-180,0,-0.0416666666667,90"
future_suitability_summary.zip,实验4/08_future_predictions_ensemble/binary/MRI-ESM2-0/ssp585/2041-2060/binary_suitability.tif,1061854,a6d9dbed1df9fc05c2538e04bae751919a99d979efccd68c13182140e60122f2,EPSG:4326,8640,4320,1,uint8,255.0,"0.0416666666667,0,-180,0,-0.0416666666667,90"
future_suitability_summary.zip,实验4/08_future_predictions_ensemble/binary/MRI-ESM2-0/ssp585/2061-2080/binary_suitability.tif,1059661,364854b2b68c0621c776dab931e1bb9fb44ff779102d62add7525249d13bbf6e,EPSG:4326,8640,4320,1,uint8,255.0,"0.0416666666667,0,-180,0,-0.0416666666667,90"
future_suitability_summary.zip,实验4/08_future_predictions_ensemble/GCM_summary/ssp126_2041-2060_agreement.tif,2691729,b8ba528128ecd3bbae611ff0916bc9ade5a0cb783af87a1a283da1a6a36571b5,EPSG:4326,8640,4320,1,float32,-3.3999999521443642e+38,"0.0416666666667,0,-180,0,-0.0416666666667,90"
future_suitability_summary.zip,实验4/08_future_predictions_ensemble/GCM_summary/ssp126_2041-2060_majority_binary.tif,1061490,d2f489da36f2b10a05c874d200b63943ed896ce04efe032f87cc5a00e5af9b90,EPSG:4326,8640,4320,1,uint8,255.0,"0.0416666666667,0,-180,0,-0.0416666666667,90"
future_suitability_summary.zip,实验4/08_future_predictions_ensemble/GCM_summary/ssp126_2041-2060_majority_change.tif,682950,d111606be671c7d20eac245c79101381c5f59cf942df823465a422004db1b004,EPSG:4326,8640,4320,1,uint8,255.0,"0.0416666666667,0,-180,0,-0.0416666666667,90"
future_suitability_summary.zip,实验4/08_future_predictions_ensemble/GCM_summary/ssp126_2041-2060_mean.tif,51452798,9666ba560be7a9b5521f994a41522306e59f7167b509ffe1811c7ca35d8e8d93,EPSG:4326,8640,4320,1,float32,-3.3999999521443642e+38,"0.0416666666667,0,-180,0,-0.0416666666667,90"
future_suitability_summary.zip,实验4/08_future_predictions_ensemble/GCM_summary/ssp126_2041-2060_median.tif,49359488,c914e1e152be268efc0b979b57e5703c20cbf57b564305a15998821045c4d3d7,EPSG:4326,8640,4320,1,float32,-3.3999999521443642e+38,"0.0416666666667,0,-180,0,-0.0416666666667,90"
future_suitability_summary.zip,实验4/08_future_predictions_ensemble/GCM_summary/ssp126_2041-2060_std.tif,57590229,623e517ae119d6004a908a75aabe57dd16590c74cb5eb1c3e1704a0ed10d7918,EPSG:4326,8640,4320,1,float32,-3.3999999521443642e+38,"0.0416666666667,0,-180,0,-0.0416666666667,90"
future_suitability_summary.zip,实验4/08_future_predictions_ensemble/GCM_summary/ssp126_2061-2080_agreement.tif,2744307,09c6c9148d25d58991ea831f7b0160a7608de1d2e84c387e000ca2e740be2d00,EPSG:4326,8640,4320,1,float32,-3.3999999521443642e+38,"0.0416666666667,0,-180,0,-0.0416666666667,90"
future_suitability_summary.zip,实验4/08_future_predictions_ensemble/GCM_summary/ssp126_2061-2080_majority_binary.tif,1062541,8274e385e4a3287f7a0694db9572e5413ea227a4e59f2270c9f3fe93c2974310,EPSG:4326,8640,4320,1,uint8,255.0,"0.0416666666667,0,-180,0,-0.0416666666667,90"
future_suitability_summary.zip,实验4/08_future_predictions_ensemble/GCM_summary/ssp126_2061-2080_majority_change.tif,682950,d111606be671c7d20eac245c79101381c5f59cf942df823465a422004db1b004,EPSG:4326,8640,4320,1,uint8,255.0,"0.0416666666667,0,-180,0,-0.0416666666667,90"
future_suitability_summary.zip,实验4/08_future_predictions_ensemble/GCM_summary/ssp126_2061-2080_mean.tif,51696473,c9ac86f773445b72fa6f37605f1b64a296e309734f3bebfc66cab1321a67dc62,EPSG:4326,8640,4320,1,float32,-3.3999999521443642e+38,"0.0416666666667,0,-180,0,-0.0416666666667,90"
future_suitability_summary.zip,实验4/08_future_predictions_ensemble/GCM_summary/ssp126_2061-2080_median.tif,46772340,699ff9c1db51fd3ab432838630aa728795cb69ec893172d2fb2e30ec4a12a3a8,EPSG:4326,8640,4320,1,float32,-3.3999999521443642e+38,"0.0416666666667,0,-180,0,-0.0416666666667,90"
future_suitability_summary.zip,实验4/08_future_predictions_ensemble/GCM_summary/ssp126_2061-2080_std.tif,57978757,03714759404ccc2f6654c39fa56295c168b2148ca542c8b61324e0075f8a6ecd,EPSG:4326,8640,4320,1,float32,-3.3999999521443642e+38,"0.0416666666667,0,-180,0,-0.0416666666667,90"
future_suitability_summary.zip,实验4/08_future_predictions_ensemble/GCM_summary/ssp245_2041-2060_agreement.tif,2710396,55f0f541ffdedbc2fd500f74416af2fcb55b85021c4540234c100c2828474d21,EPSG:4326,8640,4320,1,float32,-3.3999999521443642e+38,"0.0416666666667,0,-180,0,-0.0416666666667,90"
future_suitability_summary.zip,实验4/08_future_predictions_ensemble/GCM_summary/ssp245_2041-2060_majority_binary.tif,1064538,25537b505c1fab4a706a22d727f532f0bf75ea744690bf17949622c546f6492e,EPSG:4326,8640,4320,1,uint8,255.0,"0.0416666666667,0,-180,0,-0.0416666666667,90"
future_suitability_summary.zip,实验4/08_future_predictions_ensemble/GCM_summary/ssp245_2041-2060_majority_change.tif,682950,d111606be671c7d20eac245c79101381c5f59cf942df823465a422004db1b004,EPSG:4326,8640,4320,1,uint8,255.0,"0.0416666666667,0,-180,0,-0.0416666666667,90"
future_suitability_summary.zip,实验4/08_future_predictions_ensemble/GCM_summary/ssp245_2041-2060_mean.tif,51400619,4af0cd72027b4566120771be18bef88804df4cde969e9b67282c8810e8532759,EPSG:4326,8640,4320,1,float32,-3.3999999521443642e+38,"0.0416666666667,0,-180,0,-0.0416666666667,90"
future_suitability_summary.zip,实验4/08_future_predictions_ensemble/GCM_summary/ssp245_2041-2060_median.tif,49364782,4140b107ad8df1b3953fb8f6e0476ab69b706f4fc104291a3227f584a9594e1d,EPSG:4326,8640,4320,1,float32,-3.3999999521443642e+38,"0.0416666666667,0,-180,0,-0.0416666666667,90"
future_suitability_summary.zip,实验4/08_future_predictions_ensemble/GCM_summary/ssp245_2041-2060_std.tif,57697140,a87b52a239299d7e28fe387f9d7732175c934e286e7cf1b6ea7b35bf378c3fb8,EPSG:4326,8640,4320,1,float32,-3.3999999521443642e+38,"0.0416666666667,0,-180,0,-0.0416666666667,90"
future_suitability_summary.zip,实验4/08_future_predictions_ensemble/GCM_summary/ssp245_2061-2080_agreement.tif,2788181,09fceb1e4371dbcc7433043bb1f1930a15d12fe888b97a058fba354dd16f8c88,EPSG:4326,8640,4320,1,float32,-3.3999999521443642e+38,"0.0416666666667,0,-180,0,-0.0416666666667,90"
future_suitability_summary.zip,实验4/08_future_predictions_ensemble/GCM_summary/ssp245_2061-2080_majority_binary.tif,1064507,dc0a61e720acaa2587089d2e764bc2e7a1ae8a5acf95e662e86e361ddc7a711a,EPSG:4326,8640,4320,1,uint8,255.0,"0.0416666666667,0,-180,0,-0.0416666666667,90"
future_suitability_summary.zip,实验4/08_future_predictions_ensemble/GCM_summary/ssp245_2061-2080_majority_change.tif,682950,d111606be671c7d20eac245c79101381c5f59cf942df823465a422004db1b004,EPSG:4326,8640,4320,1,uint8,255.0,"0.0416666666667,0,-180,0,-0.0416666666667,90"
future_suitability_summary.zip,实验4/08_future_predictions_ensemble/GCM_summary/ssp245_2061-2080_mean.tif,51777725,e046b719d6d23154f584fd49f5af9c6151cd6d109d8527dd5a42f81e5dcd0334,EPSG:4326,8640,4320,1,float32,-3.3999999521443642e+38,"0.0416666666667,0,-180,0,-0.0416666666667,90"
future_suitability_summary.zip,实验4/08_future_predictions_ensemble/GCM_summary/ssp245_2061-2080_median.tif,46784449,d38be8115ba3bf4a15148656645aad3cbf85f3e8157436ea7c0ce8b3c7057335,EPSG:4326,8640,4320,1,float32,-3.3999999521443642e+38,"0.0416666666667,0,-180,0,-0.0416666666667,90"
future_suitability_summary.zip,实验4/08_future_predictions_ensemble/GCM_summary/ssp245_2061-2080_std.tif,57947646,9efe9427da92f7b361eaf9dc82d02c2059c7dc5231ca923797d549b122f231ad,EPSG:4326,8640,4320,1,float32,-3.3999999521443642e+38,"0.0416666666667,0,-180,0,-0.0416666666667,90"
future_suitability_summary.zip,实验4/08_future_predictions_ensemble/GCM_summary/ssp370_2041-2060_agreement.tif,2643008,125641ad36373624baf7ba4cebcb1269d5a3a1fa82499c8917440c318c646683,EPSG:4326,8640,4320,1,float32,-3.3999999521443642e+38,"0.0416666666667,0,-180,0,-0.0416666666667,90"
future_suitability_summary.zip,实验4/08_future_predictions_ensemble/GCM_summary/ssp370_2041-2060_majority_binary.tif,1069385,7cbe6e513754b9f75975149b7868518017add8c6250c6d429a9321f54301895e,EPSG:4326,8640,4320,1,uint8,255.0,"0.0416666666667,0,-180,0,-0.0416666666667,90"
future_suitability_summary.zip,实验4/08_future_predictions_ensemble/GCM_summary/ssp370_2041-2060_majority_change.tif,682950,d111606be671c7d20eac245c79101381c5f59cf942df823465a422004db1b004,EPSG:4326,8640,4320,1,uint8,255.0,"0.0416666666667,0,-180,0,-0.0416666666667,90"
future_suitability_summary.zip,实验4/08_future_predictions_ensemble/GCM_summary/ssp370_2041-2060_mean.tif,50202044,dd9f6810dd3f446d8e81b7fad86f6a7061cf098d4391e6947af5bb54249e86e0,EPSG:4326,8640,4320,1,float32,-3.3999999521443642e+38,"0.0416666666667,0,-180,0,-0.0416666666667,90"
future_suitability_summary.zip,实验4/08_future_predictions_ensemble/GCM_summary/ssp370_2041-2060_median.tif,46529839,648d4164d7185f47c85faadb9b8002641504646427da031d1e1da2b2883f48ea,EPSG:4326,8640,4320,1,float32,-3.3999999521443642e+38,"0.0416666666667,0,-180,0,-0.0416666666667,90"
future_suitability_summary.zip,实验4/08_future_predictions_ensemble/GCM_summary/ssp370_2041-2060_std.tif,56967311,e3464320358c4e80335596995fceb17ac5b7d0047e27552572ff16f2a990155d,EPSG:4326,8640,4320,1,float32,-3.3999999521443642e+38,"0.0416666666667,0,-180,0,-0.0416666666667,90"
future_suitability_summary.zip,实验4/08_future_predictions_ensemble/GCM_summary/ssp370_2061-2080_agreement.tif,2837394,5bb46626c0f1a195577ceaba79eb171517fb7bf8080410cb445e4555bc13fb9a,EPSG:4326,8640,4320,1,float32,-3.3999999521443642e+38,"0.0416666666667,0,-180,0,-0.0416666666667,90"
future_suitability_summary.zip,实验4/08_future_predictions_ensemble/GCM_summary/ssp370_2061-2080_majority_binary.tif,1066589,d195e74bcaaee627fce76098f751cc70869cbca5a7889401ae7044252a7b7286,EPSG:4326,8640,4320,1,uint8,255.0,"0.0416666666667,0,-180,0,-0.0416666666667,90"
future_suitability_summary.zip,实验4/08_future_predictions_ensemble/GCM_summary/ssp370_2061-2080_majority_change.tif,682950,d111606be671c7d20eac245c79101381c5f59cf942df823465a422004db1b004,EPSG:4326,8640,4320,1,uint8,255.0,"0.0416666666667,0,-180,0,-0.0416666666667,90"
future_suitability_summary.zip,实验4/08_future_predictions_ensemble/GCM_summary/ssp370_2061-2080_mean.tif,51804298,41d40a21e23bc8c492591947358ef852a11f4d57a8863c189b14b7c090c1e972,EPSG:4326,8640,4320,1,float32,-3.3999999521443642e+38,"0.0416666666667,0,-180,0,-0.0416666666667,90"
future_suitability_summary.zip,实验4/08_future_predictions_ensemble/GCM_summary/ssp370_2061-2080_median.tif,46693328,cea0512bb1eac8918ec5dacede7561a7f24e6a95539b1ee6c3ef210a68f1611f,EPSG:4326,8640,4320,1,float32,-3.3999999521443642e+38,"0.0416666666667,0,-180,0,-0.0416666666667,90"
future_suitability_summary.zip,实验4/08_future_predictions_ensemble/GCM_summary/ssp370_2061-2080_std.tif,57756232,5d6a5df452e3474e18e76e1e020695c9e3d530f983351beeb18edeb60914038f,EPSG:4326,8640,4320,1,float32,-3.3999999521443642e+38,"0.0416666666667,0,-180,0,-0.0416666666667,90"
future_suitability_summary.zip,实验4/08_future_predictions_ensemble/GCM_summary/ssp585_2041-2060_agreement.tif,2807552,f4ec315ed706ca98da3619640eb8671b75763fca94355f4cf019f65d2a7e1904,EPSG:4326,8640,4320,1,float32,-3.3999999521443642e+38,"0.0416666666667,0,-180,0,-0.0416666666667,90"
future_suitability_summary.zip,实验4/08_future_predictions_ensemble/GCM_summary/ssp585_2041-2060_majority_binary.tif,1065398,41ebb9755499f12f5625b2ba07358d7fb62a06d9bac32f8929dba95e8316fdf0,EPSG:4326,8640,4320,1,uint8,255.0,"0.0416666666667,0,-180,0,-0.0416666666667,90"
future_suitability_summary.zip,实验4/08_future_predictions_ensemble/GCM_summary/ssp585_2041-2060_majority_change.tif,682950,d111606be671c7d20eac245c79101381c5f59cf942df823465a422004db1b004,EPSG:4326,8640,4320,1,uint8,255.0,"0.0416666666667,0,-180,0,-0.0416666666667,90"
future_suitability_summary.zip,实验4/08_future_predictions_ensemble/GCM_summary/ssp585_2041-2060_mean.tif,51812200,d962ddbc92c64759b97f05c18308ffa8a004ac36ce3978728676d4c051b09cda,EPSG:4326,8640,4320,1,float32,-3.3999999521443642e+38,"0.0416666666667,0,-180,0,-0.0416666666667,90"
future_suitability_summary.zip,实验4/08_future_predictions_ensemble/GCM_summary/ssp585_2041-2060_median.tif,46686397,0e0782185fed9e0797c5c7b6538c62aeddd4c52f0a09204724b90ab647154cb9,EPSG:4326,8640,4320,1,float32,-3.3999999521443642e+38,"0.0416666666667,0,-180,0,-0.0416666666667,90"
future_suitability_summary.zip,实验4/08_future_predictions_ensemble/GCM_summary/ssp585_2041-2060_std.tif,57852033,5dca53f806fabf08eef6b4ea38a035c38ac3cb87d7da8ba62a3197512fbd1d71,EPSG:4326,8640,4320,1,float32,-3.3999999521443642e+38,"0.0416666666667,0,-180,0,-0.0416666666667,90"
future_suitability_summary.zip,实验4/08_future_predictions_ensemble/GCM_summary/ssp585_2061-2080_agreement.tif,2838672,f891a38bba7922256d7af6bb87eae30e2aafdc40ba56efc446da828f35d1941a,EPSG:4326,8640,4320,1,float32,-3.3999999521443642e+38,"0.0416666666667,0,-180,0,-0.0416666666667,90"
future_suitability_summary.zip,实验4/08_future_predictions_ensemble/GCM_summary/ssp585_2061-2080_majority_binary.tif,1066053,c0764897e0136e86a7fe33a51e21cb02954b50bbd7a0bdb50accadb64de93a96,EPSG:4326,8640,4320,1,uint8,255.0,"0.0416666666667,0,-180,0,-0.0416666666667,90"
future_suitability_summary.zip,实验4/08_future_predictions_ensemble/GCM_summary/ssp585_2061-2080_majority_change.tif,682950,d111606be671c7d20eac245c79101381c5f59cf942df823465a422004db1b004,EPSG:4326,8640,4320,1,uint8,255.0,"0.0416666666667,0,-180,0,-0.0416666666667,90"
future_suitability_summary.zip,实验4/08_future_predictions_ensemble/GCM_summary/ssp585_2061-2080_mean.tif,51903935,dae0d8610efd804b2980466c30884a59763be53bbbeb3035292dc4a086d44ea1,EPSG:4326,8640,4320,1,float32,-3.3999999521443642e+38,"0.0416666666667,0,-180,0,-0.0416666666667,90"
future_suitability_summary.zip,实验4/08_future_predictions_ensemble/GCM_summary/ssp585_2061-2080_median.tif,46634835,c686ba9a2987b4394e95206f6691e8c8876f68e9398c6e702b0db17800844451,EPSG:4326,8640,4320,1,float32,-3.3999999521443642e+38,"0.0416666666667,0,-180,0,-0.0416666666667,90"
future_suitability_summary.zip,实验4/08_future_predictions_ensemble/GCM_summary/ssp585_2061-2080_std.tif,57732148,49f7be9fbbc1f2207a78af537f343ea8721351dee152dbe6f4df9f9d7785df71,EPSG:4326,8640,4320,1,float32,-3.3999999521443642e+38,"0.0416666666667,0,-180,0,-0.0416666666667,90"
future_suitability_summary.zip,实验4/09_suitability_change/ACCESS-CM2/ssp126/2041-2060/change_class.tif,1065053,92792ff5f18d1e69366e169db911b4d5dac4d827614a4aa95cc5d9f3895f1147,EPSG:4326,8640,4320,1,uint8,255.0,"0.0416666666667,0,-180,0,-0.0416666666667,90"
future_suitability_summary.zip,实验4/09_suitability_change/ACCESS-CM2/ssp126/2061-2080/change_class.tif,1063587,05f3d448f0414d86f2694eb966eaac259d459c88409e3e6d0b68864491a75470,EPSG:4326,8640,4320,1,uint8,255.0,"0.0416666666667,0,-180,0,-0.0416666666667,90"
future_suitability_summary.zip,实验4/09_suitability_change/ACCESS-CM2/ssp245/2041-2060/change_class.tif,1065133,4875f7e63ecd02086b707d2f6c9069a35aa93958eb46b6de8b820b147d61d5b8,EPSG:4326,8640,4320,1,uint8,255.0,"0.0416666666667,0,-180,0,-0.0416666666667,90"
future_suitability_summary.zip,实验4/09_suitability_change/ACCESS-CM2/ssp245/2061-2080/change_class.tif,1064894,ee4915fb6af75913c3cc931d82d1b1b7520f7628a0972f1cc8c9be7402f981c0,EPSG:4326,8640,4320,1,uint8,255.0,"0.0416666666667,0,-180,0,-0.0416666666667,90"
future_suitability_summary.zip,实验4/09_suitability_change/ACCESS-CM2/ssp370/2061-2080/change_class.tif,1067030,eb0c8ebf53cec15a28c425fde172734861170535b1c2b6f913cf4da282d3d1f7,EPSG:4326,8640,4320,1,uint8,255.0,"0.0416666666667,0,-180,0,-0.0416666666667,90"
future_suitability_summary.zip,实验4/09_suitability_change/ACCESS-CM2/ssp585/2041-2060/change_class.tif,1065183,a8c3f8e613161ade1c91ef20adcd59e51d6ad978302f7994799ec08cb586c501,EPSG:4326,8640,4320,1,uint8,255.0,"0.0416666666667,0,-180,0,-0.0416666666667,90"
future_suitability_summary.zip,实验4/09_suitability_change/ACCESS-CM2/ssp585/2061-2080/change_class.tif,1066232,ef304aa320ad2f56f730ca122faf62fe92118bf29d5e69d51b24b9539870bd25,EPSG:4326,8640,4320,1,uint8,255.0,"0.0416666666667,0,-180,0,-0.0416666666667,90"
future_suitability_summary.zip,实验4/09_suitability_change/BCC-CSM2-MR/ssp126/2041-2060/change_class.tif,1051463,3ca3fd34cbc945f1515b0148357402de65792dadb810168f4134cd95712437b3,EPSG:4326,8640,4320,1,uint8,255.0,"0.0416666666667,0,-180,0,-0.0416666666667,90"
future_suitability_summary.zip,实验4/09_suitability_change/BCC-CSM2-MR/ssp126/2061-2080/change_class.tif,1052761,748332ac017a4c5cdc476a350afd3e0e3f5a74b18534b01963be85ea1040f239,EPSG:4326,8640,4320,1,uint8,255.0,"0.0416666666667,0,-180,0,-0.0416666666667,90"
future_suitability_summary.zip,实验4/09_suitability_change/BCC-CSM2-MR/ssp245/2061-2080/change_class.tif,1052860,859b085765439b1f32dd4d6194b8568de83c7a97552d24788a834c13a589c3f5,EPSG:4326,8640,4320,1,uint8,255.0,"0.0416666666667,0,-180,0,-0.0416666666667,90"
future_suitability_summary.zip,实验4/09_suitability_change/BCC-CSM2-MR/ssp370/2041-2060/change_class.tif,1053989,4b3d1d54b99cf202e17123279a48762673e07432a2f04a8c9d94fe8bc7bb5a53,EPSG:4326,8640,4320,1,uint8,255.0,"0.0416666666667,0,-180,0,-0.0416666666667,90"
future_suitability_summary.zip,实验4/09_suitability_change/BCC-CSM2-MR/ssp370/2061-2080/change_class.tif,1055403,085da2fd48d94961ed0fbb58d98093992c7583c92e833c2e2f5c88caedccfed8,EPSG:4326,8640,4320,1,uint8,255.0,"0.0416666666667,0,-180,0,-0.0416666666667,90"
future_suitability_summary.zip,实验4/09_suitability_change/BCC-CSM2-MR/ssp585/2041-2060/change_class.tif,1051660,aaf6106fd7a1f3250dc225fbc151adeee5dc3e6888a95affc5a61292e582f5b2,EPSG:4326,8640,4320,1,uint8,255.0,"0.0416666666667,0,-180,0,-0.0416666666667,90"
future_suitability_summary.zip,实验4/09_suitability_change/BCC-CSM2-MR/ssp585/2061-2080/change_class.tif,1055108,3cdcb45d7bd9eb22abc63b75575f6865fa5fe2af234f59a28fc6ecd59bc4a7b3,EPSG:4326,8640,4320,1,uint8,255.0,"0.0416666666667,0,-180,0,-0.0416666666667,90"
future_suitability_summary.zip,实验4/09_suitability_change/MIROC6/ssp126/2041-2060/change_class.tif,1064436,048e2455853c95aa1ecb830768c1c8671f7cd98d7b59c20ea25bcf2d537d259f,EPSG:4326,8640,4320,1,uint8,255.0,"0.0416666666667,0,-180,0,-0.0416666666667,90"
future_suitability_summary.zip,实验4/09_suitability_change/MIROC6/ssp126/2061-2080/change_class.tif,1064915,7cbc660e9183fe5c3c1acc4a8f2e717bb8524b3639a3a6840d69df94a645f988,EPSG:4326,8640,4320,1,uint8,255.0,"0.0416666666667,0,-180,0,-0.0416666666667,90"
future_suitability_summary.zip,实验4/09_suitability_change/MIROC6/ssp245/2041-2060/change_class.tif,1066947,95ba2219f29fc30cdd8275be0a20e924643f3bec504bdaa8ed828911f36b600f,EPSG:4326,8640,4320,1,uint8,255.0,"0.0416666666667,0,-180,0,-0.0416666666667,90"
future_suitability_summary.zip,实验4/09_suitability_change/MIROC6/ssp245/2061-2080/change_class.tif,1064849,9135e7ce529ffd0750354a1ef8eab16c6d4a97993ca7086df940ad49a179339e,EPSG:4326,8640,4320,1,uint8,255.0,"0.0416666666667,0,-180,0,-0.0416666666667,90"
future_suitability_summary.zip,实验4/09_suitability_change/MIROC6/ssp370/2061-2080/change_class.tif,1065676,3a0322579bfb3c7750b23eb6a39f2751c5a3b2ad2c1b350bae797095e8c06677,EPSG:4326,8640,4320,1,uint8,255.0,"0.0416666666667,0,-180,0,-0.0416666666667,90"
future_suitability_summary.zip,实验4/09_suitability_change/MIROC6/ssp585/2041-2060/change_class.tif,1065898,a565722d81db5bfc49f1b263a9daa0b1e7029c4b5da2a4a140d6c0bdb1f7c75f,EPSG:4326,8640,4320,1,uint8,255.0,"0.0416666666667,0,-180,0,-0.0416666666667,90"
future_suitability_summary.zip,实验4/09_suitability_change/MIROC6/ssp585/2061-2080/change_class.tif,1067313,21f327a89af919164d1f9ed903a5f4a8fb7cc6b69be4e5bb81c1849d9b4f2f04,EPSG:4326,8640,4320,1,uint8,255.0,"0.0416666666667,0,-180,0,-0.0416666666667,90"
future_suitability_summary.zip,实验4/09_suitability_change/MPI-ESM1-2-HR/ssp126/2041-2060/change_class.tif,1062470,b3f3d05fe66a3d31c123c32c33193cc4bf5038322254c4aa9d968e2b5cd496c9,EPSG:4326,8640,4320,1,uint8,255.0,"0.0416666666667,0,-180,0,-0.0416666666667,90"
future_suitability_summary.zip,实验4/09_suitability_change/MPI-ESM1-2-HR/ssp126/2061-2080/change_class.tif,1057087,9496a2537b0d637e4b6f1cf0b87a7cc7b16cfe55b6495c8fbcbcc7366d3eea21,EPSG:4326,8640,4320,1,uint8,255.0,"0.0416666666667,0,-180,0,-0.0416666666667,90"
future_suitability_summary.zip,实验4/09_suitability_change/MPI-ESM1-2-HR/ssp245/2041-2060/change_class.tif,1061787,1779f81e05cebd8f057470de01d0034b8bae1a60600d343238bfa5bc3fd9a2c3,EPSG:4326,8640,4320,1,uint8,255.0,"0.0416666666667,0,-180,0,-0.0416666666667,90"
future_suitability_summary.zip,实验4/09_suitability_change/MPI-ESM1-2-HR/ssp245/2061-2080/change_class.tif,1058547,8757110aaaa0ea538058ec3a918ef8bd5513d2c19b58fdd201beff84c52e7c52,EPSG:4326,8640,4320,1,uint8,255.0,"0.0416666666667,0,-180,0,-0.0416666666667,90"
future_suitability_summary.zip,实验4/09_suitability_change/MPI-ESM1-2-HR/ssp370/2041-2060/change_class.tif,1063703,0fb10bfba4ac40c27bd99ddae1a6571340038be79978a4ea29c946aeea22944a,EPSG:4326,8640,4320,1,uint8,255.0,"0.0416666666667,0,-180,0,-0.0416666666667,90"
future_suitability_summary.zip,实验4/09_suitability_change/MPI-ESM1-2-HR/ssp370/2061-2080/change_class.tif,1065223,40070e28810a0db961b9a887ec824c1e33b9325087f7b2c2624624920cab1892,EPSG:4326,8640,4320,1,uint8,255.0,"0.0416666666667,0,-180,0,-0.0416666666667,90"
future_suitability_summary.zip,实验4/09_suitability_change/MPI-ESM1-2-HR/ssp585/2041-2060/change_class.tif,1062815,ee8c5e6c040bd8f30e47ebcfc13f5c0bdbf0572e999367044ca04b3ac3d33e3a,EPSG:4326,8640,4320,1,uint8,255.0,"0.0416666666667,0,-180,0,-0.0416666666667,90"
future_suitability_summary.zip,实验4/09_suitability_change/MPI-ESM1-2-HR/ssp585/2061-2080/change_class.tif,1060988,2a21a4aec7e0c08fff6ffee9dc2adc7b25c962db935ef3815fd9a10a5e7ebd4b,EPSG:4326,8640,4320,1,uint8,255.0,"0.0416666666667,0,-180,0,-0.0416666666667,90"
future_suitability_summary.zip,实验4/09_suitability_change/MRI-ESM2-0/ssp126/2041-2060/change_class.tif,1060173,f04b92492b74a9fe20985cd1ce66020ec33c91ca3ba4ae61ddc1ef5195c7a9e1,EPSG:4326,8640,4320,1,uint8,255.0,"0.0416666666667,0,-180,0,-0.0416666666667,90"
future_suitability_summary.zip,实验4/09_suitability_change/MRI-ESM2-0/ssp126/2061-2080/change_class.tif,1060849,cd325a65c287beccc58bcea4706f89af30b2f07cdc0db7c19a8e823fec612467,EPSG:4326,8640,4320,1,uint8,255.0,"0.0416666666667,0,-180,0,-0.0416666666667,90"
future_suitability_summary.zip,实验4/09_suitability_change/MRI-ESM2-0/ssp245/2041-2060/change_class.tif,1061150,ef66b8bff559e20b207238560dcb94c7da2262d0291d30f6b47015af228ba95e,EPSG:4326,8640,4320,1,uint8,255.0,"0.0416666666667,0,-180,0,-0.0416666666667,90"
future_suitability_summary.zip,实验4/09_suitability_change/MRI-ESM2-0/ssp245/2061-2080/change_class.tif,1061093,88f2f07eb42e174656b2c9bb8ae517737f4864bc18383596a5f09a8369de4c8d,EPSG:4326,8640,4320,1,uint8,255.0,"0.0416666666667,0,-180,0,-0.0416666666667,90"
future_suitability_summary.zip,实验4/09_suitability_change/MRI-ESM2-0/ssp370/2041-2060/change_class.tif,1061061,ef25cfe5e0344efbbf2aed53f1426c9fc3a9118b8ea6e525e80c20a00c71d086,EPSG:4326,8640,4320,1,uint8,255.0,"0.0416666666667,0,-180,0,-0.0416666666667,90"
future_suitability_summary.zip,实验4/09_suitability_change/MRI-ESM2-0/ssp370/2061-2080/change_class.tif,1057084,01840f07afabe60748b3e7053c7fd4897d94813e3b08b5d18cc3c420aab19aef,EPSG:4326,8640,4320,1,uint8,255.0,"0.0416666666667,0,-180,0,-0.0416666666667,90"
future_suitability_summary.zip,实验4/09_suitability_change/MRI-ESM2-0/ssp585/2041-2060/change_class.tif,1060997,80d7ac51c714d8bb69f4e6fb33fa697a215d257502045f0ff84ca92eb64a7c41,EPSG:4326,8640,4320,1,uint8,255.0,"0.0416666666667,0,-180,0,-0.0416666666667,90"
future_suitability_summary.zip,实验4/09_suitability_change/MRI-ESM2-0/ssp585/2061-2080/change_class.tif,1058819,9ddbbfec2375fb9040c29c0129c1c20b5b9c49a030b936a496feb1348fad2970,EPSG:4326,8640,4320,1,uint8,255.0,"0.0416666666667,0,-180,0,-0.0416666666667,90"
uncertainty_agreement.zip,实验5/04_agreement/future_suitability_frequency.tif,149325498,d55381112c9bce12d28f543c2341b106f023a50811a864d36de36c65544b4041,EPSG:4326,8640,4320,1,float32,nan,"0.0416666666667,0,-180,0,-0.0416666666667,90"
uncertainty_agreement.zip,实验5/04_agreement/future_suitability_mean_all_scenarios.tif,149325498,af0c06b784842a6585356d2934e3ea517856b040a3e352b42ede0b65e31a2ce2,EPSG:4326,8640,4320,1,float32,nan,"0.0416666666667,0,-180,0,-0.0416666666667,90"
uncertainty_agreement.zip,实验5/04_agreement/future_suitability_median_all_scenarios.tif,149325498,af0c06b784842a6585356d2934e3ea517856b040a3e352b42ede0b65e31a2ce2,EPSG:4326,8640,4320,1,float32,nan,"0.0416666666667,0,-180,0,-0.0416666666667,90"
uncertainty_agreement.zip,实验5/04_agreement/mean_algorithm_agreement.tif,149325498,62295d73c194477a9b08b877bdb984e259a708a7732203e656deff8180f8d9e0,EPSG:4326,8640,4320,1,float32,nan,"0.0416666666667,0,-180,0,-0.0416666666667,90"
uncertainty_agreement.zip,实验5/05_uncertainty_components/mean_algorithm_sd.tif,149325498,a4cbe3a9316b6b24539cb3a3121ac991aa86f7a97eb61e992321fe6bbd2fc2d4,EPSG:4326,8640,4320,1,float32,nan,"0.0416666666667,0,-180,0,-0.0416666666667,90"
uncertainty_agreement.zip,实验5/05_uncertainty_components/mean_GCM_sd.tif,149325498,f03b6cc2d77861f973ff6533afd264731157342f4ac94a89b014dcc3930ef068,EPSG:4326,8640,4320,1,float32,nan,"0.0416666666667,0,-180,0,-0.0416666666667,90"
uncertainty_agreement.zip,实验5/05_uncertainty_components/scenario_iqr.tif,149325498,a62813cb10a73abc7e64ab77d6a718a945e54b78cb8be458e9384f6060db03e7,EPSG:4326,8640,4320,1,float32,nan,"0.0416666666667,0,-180,0,-0.0416666666667,90"
uncertainty_agreement.zip,实验5/05_uncertainty_components/scenario_p10.tif,149325498,8772a1fa8aacf70e5c362e793594bf9faacd795ff9873575eb7ed496bd30fce1,EPSG:4326,8640,4320,1,float32,nan,"0.0416666666667,0,-180,0,-0.0416666666667,90"
uncertainty_agreement.zip,实验5/05_uncertainty_components/scenario_p90.tif,149325498,412ef3a2c452eaad874f3c310e43c853352e269d4dacc9a61ef8dab004f5d550,EPSG:4326,8640,4320,1,float32,nan,"0.0416666666667,0,-180,0,-0.0416666666667,90"
uncertainty_agreement.zip,实验5/05_uncertainty_components/scenario_sd.tif,149325498,d62197b3f77e1e45aaaa58b5737154963617bdffa5e439125a84063be38df22f,EPSG:4326,8640,4320,1,float32,nan,"0.0416666666667,0,-180,0,-0.0416666666667,90"
novelty_stability_loss.zip,实验5/07_environmental_novelty/max_univariate_extrapolation_distance.tif,149325498,4887080b5afbdc56164462a33fe0c450d0464ec0cf54a3c2c16017f2bffe74e1,EPSG:4326,8640,4320,1,float32,nan,"0.0416666666667,0,-180,0,-0.0416666666667,90"
novelty_stability_loss.zip,实验5/07_environmental_novelty/MESS_summary.tif,149325498,c0984e49c1d915f982bbf7e3ac9518cfb716cb47ce754a1464befcc7bda1f223,EPSG:4326,8640,4320,1,float32,nan,"0.0416666666667,0,-180,0,-0.0416666666667,90"
novelty_stability_loss.zip,实验5/07_environmental_novelty/novelty_frequency.tif,149325498,ea1c4e7448e87f2a2478772c496a84a80b8750a9700c59ee18b678c30834a9b7,EPSG:4326,8640,4320,1,float32,nan,"0.0416666666667,0,-180,0,-0.0416666666667,90"
novelty_stability_loss.zip,实验5/07_environmental_novelty/univariate_extrapolation_count.tif,149325498,9219d161e32829a8b62168cb0633d352626169e136f272eae92711df775cde1f,EPSG:4326,8640,4320,1,float32,nan,"0.0416666666667,0,-180,0,-0.0416666666667,90"
novelty_stability_loss.zip,实验5/08_stability_probability/future_stability_classes.tif,149325498,58f7f7260a5013c333ac8da28f17186576b008b4e5aec98ee4afdd5dbbabc899,EPSG:4326,8640,4320,1,float32,nan,"0.0416666666667,0,-180,0,-0.0416666666667,90"
novelty_stability_loss.zip,实验5/08_stability_probability/future_stability_index.tif,149325498,627816b6bda4bc7c46097b7390fb896824fedcc346bbc40719793e6be6bec591,EPSG:4326,8640,4320,1,float32,nan,"0.0416666666667,0,-180,0,-0.0416666666667,90"
novelty_stability_loss.zip,实验5/08_stability_probability/gain_frequency.tif,149325498,05df2e4e32312dd0aba6927483f3be10f456a2d6b813b42b2292cab142069fb2,EPSG:4326,8640,4320,1,float32,nan,"0.0416666666667,0,-180,0,-0.0416666666667,90"
novelty_stability_loss.zip,实验5/08_stability_probability/stable_frequency.tif,149325498,d7b203c821c6c259218f3e216f84b2edde455a667abe0f4a1e9bac403e39557b,EPSG:4326,8640,4320,1,float32,nan,"0.0416666666667,0,-180,0,-0.0416666666667,90"
novelty_stability_loss.zip,实验5/09_loss_probability/loss_frequency.tif,149325498,e191af24d493165bcab9b1c117c9b0888e616f4aec7adcc0441b59c77d66cdcd,EPSG:4326,8640,4320,1,float32,nan,"0.0416666666667,0,-180,0,-0.0416666666667,90"
novelty_stability_loss.zip,实验5/09_loss_probability/loss_frequency_current_suitable.tif,149325498,ab2563a5d244d800978c28077feeb1e1fd8af0fbbfa3cdf17f3f5691da0dbccc,EPSG:4326,8640,4320,1,float32,nan,"0.0416666666667,0,-180,0,-0.0416666666667,90"
vulnerability_and_final_zoning.zip,实验5/10_climate_vulnerability/prediction_confidence.tif,36665412,88111b353e5c17a3c1e05f49c122a34e0d7d5ffebd4a37930f869b64def1092c,EPSG:4326,8640,4320,1,float32,nan,"0.0416666666667,0,-180,0,-0.0416666666667,90"
vulnerability_and_final_zoning.zip,实验5/10_climate_vulnerability/vulnerability_base.tif,149325498,7db05d88074a8e21ec6c967cf13d864bbbc3c24a8df14f65f95f6f7c921b9f99,EPSG:4326,8640,4320,1,float32,nan,"0.0416666666667,0,-180,0,-0.0416666666667,90"
vulnerability_and_final_zoning.zip,实验5/10_climate_vulnerability/vulnerability_classes.tif,149325498,d9134581c8726527c216338c85c9de71f1d3116eb82abda06faba641a0d334a7,EPSG:4326,8640,4320,1,float32,nan,"0.0416666666667,0,-180,0,-0.0416666666667,90"
vulnerability_and_final_zoning.zip,实验5/10_climate_vulnerability/vulnerability_confidence_adjusted.tif,149325498,53d87e1d3af32bd3e80747242d2d4ef1524f8295ab04cd21911cd258480b2379,EPSG:4326,8640,4320,1,float32,nan,"0.0416666666667,0,-180,0,-0.0416666666667,90"
vulnerability_and_final_zoning.zip,实验5/11_robust_core/high_confidence_loss_zone.tif,37351098,5c73cb156c9ed0fc760ed78c3470e1cc8c2d04420ea4817477977e11c273502e,EPSG:4326,8640,4320,1,uint8,255.0,"0.0416666666667,0,-180,0,-0.0416666666667,90"
vulnerability_and_final_zoning.zip,实验5/11_robust_core/robust_climatic_core.tif,37351098,4e1eac7a1235457ae14774d08051ca8dd75210ec4c45c44f157a66ef417bc368,EPSG:4326,8640,4320,1,uint8,255.0,"0.0416666666667,0,-180,0,-0.0416666666667,90"
vulnerability_and_final_zoning.zip,实验5/12_spatial_uncertainty_zones/high_uncertainty_zone.tif,1280736,8a762e02e03b5d121b7974bb8afaa54c6ee642e41871ba2a70e42940fe815438,EPSG:4326,8640,4320,1,uint8,255.0,"0.0416666666667,0,-180,0,-0.0416666666667,90"
vulnerability_and_final_zoning.zip,实验5/12_spatial_uncertainty_zones/stability_confidence_quadrants.tif,149325498,5a1082c266db9b938a85fdea7b7334419ece954b7f1f50987ac34e23b39989ad,EPSG:4326,8640,4320,1,float32,nan,"0.0416666666667,0,-180,0,-0.0416666666667,90"
vulnerability_and_final_zoning.zip,实验6B/17_final_handoff/final_maps/consensus_core_candidate.tif,682950,9d738ce2aca3ac18aab0e2f98ad998d55f2ad8b3d396e6b118727260bda28a1a,EPSG:4326,8640,4320,1,uint8,0.0,"0.0416666666667,0,-180,0,-0.0416666666667,90"
vulnerability_and_final_zoning.zip,实验6B/17_final_handoff/final_maps/final_cultivation_zoning.tif,1331257,0e625e84925aa88bbbf57cc0b6d83b63a19de3d4c913c321e0d38a1912f53f5e,EPSG:4326,8640,4320,1,int32,0.0,"0.0416666666667,0,-180,0,-0.0416666666667,90"
vulnerability_and_final_zoning.zip,实验6B/17_final_handoff/final_maps/GPI_main.tif,1331838,bf013b640b83711a0fe8c2b3604295309ab65b81d3746efc8b3a8db8b78a85ae,EPSG:4326,8640,4320,1,float32,0.0,"0.0416666666667,0,-180,0,-0.0416666666667,90"
vulnerability_and_final_zoning.zip,实验6B/17_final_handoff/final_maps/high_confidence_loss_zone.tif,37351098,5c73cb156c9ed0fc760ed78c3470e1cc8c2d04420ea4817477977e11c273502e,EPSG:4326,8640,4320,1,uint8,255.0,"0.0416666666667,0,-180,0,-0.0416666666667,90"
vulnerability_and_final_zoning.zip,实验6B/17_final_handoff/final_maps/high_uncertainty_zone.tif,1280736,8a762e02e03b5d121b7974bb8afaa54c6ee642e41871ba2a70e42940fe815438,EPSG:4326,8640,4320,1,uint8,255.0,"0.0416666666667,0,-180,0,-0.0416666666667,90"
vulnerability_and_final_zoning.zip,实验6B/17_final_handoff/final_maps/robust_climatic_core.tif,37351098,4e1eac7a1235457ae14774d08051ca8dd75210ec4c45c44f157a66ef417bc368,EPSG:4326,8640,4320,1,uint8,255.0,"0.0416666666667,0,-180,0,-0.0416666666667,90"
vulnerability_and_final_zoning.zip,实验6B/17_final_handoff/final_maps/zoning_management_ready.tif,1331257,0e625e84925aa88bbbf57cc0b6d83b63a19de3d4c913c321e0d38a1912f53f5e,EPSG:4326,8640,4320,1,int32,0.0,"0.0416666666667,0,-180,0,-0.0416666666667,90"
vulnerability_and_final_zoning.zip,实验6B/17_final_handoff/final_vectors/priority_patches.gpkg,98304,46378901bbdca973e40168f63446d537906c057dc03554ae142c4b503310d0eb,,,,,,,
repository,data/results/实验1/01_input/current_predictor_registry.csv,3001,5209deb3ce58efe686c8f68d9c25e10c0e20456a53be76393d9e21e2677e0fed,,,,,,,
repository,data/results/实验1/01_input/experiment1_input_manifest.csv,12542,bfc00ec7bab91aa37b840e37a2b84c65bdfbf036e5e6480bb13abbd9b0c4f16e,,,,,,,
repository,data/results/实验1/07_model_evaluation/fold_level_metrics.csv,2903,87f3297cfa7b8d0812bc69800fff0c8c690e74beacadf68156e9beafe192ff43,,,,,,,
repository,data/results/实验1/07_model_evaluation/model_performance_summary.csv,855,0acbce08e2006c4a5e843c27cdc4a775cc6eeb44091c3b2273ebcefa07d2a03f,,,,,,,
repository,data/results/实验1/07_model_evaluation/thresholds_by_model_fold.csv,640,e3b208b3a824823afd04064b3372a471a6306055dfaf6056f117beb3367c5483,,,,,,,
repository,data/results/实验1/08_final_models/ensemble_model_eligibility.csv,344,b2e120c273d306fd41390a23fb544ad199f9112d5767fc4536793a9b23e0f70d,,,,,,,
repository,data/results/实验1/08_final_models/ensemble_weights.csv,1022,76dd323951c2549f8aadc742113461e68fe21c200e02049f70c7b71bd81ba530,,,,,,,
repository,data/results/实验1/08_final_models/final_model_manifest.csv,169,c54eeaff8ff7bc176c6ca356bdf67469213eb288492ebcf05ca037e249fe92d4,,,,,,,
repository,data/results/实验1/09_current_prediction/ensemble_threshold.json,221,f55232854cdc6b765fca90bafabb8421859449cf3919c6c190a322bcd4aaa531,,,,,,,
repository,data/results/实验1/09_current_prediction/relative_class_thresholds.csv,192,9c12b85226da1b32e70bc78e647cc97aaee335b85a817bee2e32bcd5b681fb00,,,,,,,
repository,data/results/实验2/03_global_importance/driver_tier_summary.csv,560,7301c2f23b322c0fe79943a471a14d3d736a7910ab494e70640acf7fc185b21c,,,,,,,
repository,data/results/实验2/03_global_importance/ensemble_consensus_importance.csv,1307,b1cc5987eb0a9061c5c99ed56ee00334be270e21399f0c03cf0170f7ab689a64,,,,,,,
repository,data/results/实验2/03_global_importance/permutation_importance_foldlevel.csv,221748,0f3bf9f39f5e7655ec5b8fc0764ebf6e40b19d7087955486101d2c739d3c645b,,,,,,,
repository,data/results/实验2/03_global_importance/permutation_importance_summary.csv,2251,021b274e320cde871255cf9aa123b5e00045fc77e1d63b305da129297aae3e50,,,,,,,
repository,data/results/实验2/04_shap/BRT_shap_values.csv,1273083,99fa6b09b5909ffcc7577078a65177b40da18c12f93cbbe8d5e305c784d17f45,,,,,,,
repository,data/results/实验2/04_shap/RANDOM_FOREST_shap_values.csv,1421752,97ce547a2475f0cf721be7a8b72f29e6991a72328f66f924aeedd879270880ca,,,,,,,
repository,data/results/实验2/04_shap/shap_direction_summary.csv,412,f89f791adad9b558fe48d8a169226c602f33029f1ed223e09b30b3efbcabb76a,,,,,,,
repository,data/results/实验2/04_shap/shap_global_importance_by_model.csv,1331,4d9c967d8934b4c0fd596ba5e99c580b7078a67970b940b9335185945c498f3b,,,,,,,
repository,data/results/实验2/04_shap/tree_shap_consensus_importance.csv,256,1a3e0c3bb3bf6904ba7dc1237c6fada74fc4b795cdfb0156b68e940cd9d8e838,,,,,,,
repository,data/results/实验2/04_shap/XGBOOST_shap_values.csv,959797,f940e2f24724f191a8b6d5e1f26f893663a2b8cca573d53db6fc8e889e9166c5,,,,,,,
repository,data/results/实验2/05_ale/ale_1d_all_models.csv,68237,58a7fb8bc3ab6a30410ee4c623e6d638ae795830cb79a3f135e2cc6c8004a582,,,,,,,
repository,data/results/实验2/05_ale/ensemble_consensus_ALE.csv,15815,30fc18401074f172369a824aeb0e667423ff59ed8f447eafedf8bfb31a3fe9c0,,,,,,,
repository,data/results/实验2/06_thresholds/favorable_environment_ranges.csv,638,75dc1d66f9f936b151633608d4445a6154a402dbe3bf52ac184d383f5733f895,,,,,,,
repository,data/results/实验2/06_thresholds/threshold_consensus_summary.csv,1676,01163603c365313e1d4ae66c9eeec4eb3e521b6a83d29c236116f791478c73e4,,,,,,,
repository,data/results/实验2/07_interactions/ALE2D_pair1.csv,6775,eece90f3482920d9ccbb7bdb6c682096e94f21bcc7170cf8f56ba03a0f93a5d9,,,,,,,
repository,data/results/实验2/07_interactions/ALE2D_pair2.csv,8080,2cfcf1a7ffad296df650e7539bbf84a2e5fa309d25a2b7e191957d3fa572096f,,,,,,,
repository,data/results/实验2/07_interactions/ALE2D_pair3.csv,7805,64b6b386af0e02538b55099e37b9d8999e764ac1cf7214b008d1346d34b19e2a,,,,,,,
repository,data/results/实验2/07_interactions/H_statistic_by_model.csv,1092,44a4d3f5b44a9ccc6719460f3a00c4601574547454efb712954d9416683a79f6,,,,,,,
repository,data/results/实验2/07_interactions/interaction_consensus_ranking.csv,615,932fd17800b5b482e781c61895f959e30ae34cb93a8f7079f900b11b78efed1e,,,,,,,
repository,data/results/实验2/09_consensus/driver_evidence_matrix.csv,598,f0b03d2a61fd4abba41773cf2956ae744edd01c779522c412d65cd1d6fde8468,,,,,,,
repository,data/results/实验2/09_consensus/final_driver_classification.csv,1294,8956aa35c300d9897885faf6574157ff43ba451e862f615b4805e8e88651ade9,,,,,,,
repository,data/results/实验2/13_tables/E2_Table1_driver_ranking.csv,423,1c30510d8188889e7dbb6355ed114959abb65f23a47e61b3c743642fa8ec82dd,,,,,,,
repository,data/results/实验2/13_tables/E2_Table2_thresholds_and_ranges.csv,1190,7cdf5fc48ffe4b1f58998af9a0f004f54d2ceda6d8972e530f32c5e502175af7,,,,,,,
repository,data/results/实验2/13_tables/E2_Table3_interactions.csv,314,ee33275658be46baa5e45230271299bdabd475c166f97279b3c8fb2421fa4b5b,,,,,,,
repository,data/results/实验3/07_performance_comparison/ensemble_subset_fold_metrics.csv,5119,5e2d1b4b01a3ab22c5a3399a58768a6d36e03d7dd9452d884c28e07461e0c6c0,,,,,,,
repository,data/results/实验3/07_performance_comparison/ensemble_subset_summary.csv,1107,709e4539e16d95290b7c383f8e6b681ae6316f84b1886b876b586415215663d6,,,,,,,
repository,data/results/实验3/08_ablation/drop_one_group_loss.csv,346,f079a3d7de02855772d60f2d297991227d065a34b4cd8a3f66f6df7ce7f91638,,,,,,,
repository,data/results/实验3/08_ablation/standalone_predictive_power.csv,191,a1f48ed36d4a61b4bebdde9d204fee5df508749e119fb73bc15c33dc35a38533,,,,,,,
repository,data/results/实验3/09_group_shapley/group_shapley_bootstrap.csv,229622,4efdeedf842c19e5b812f2df69ebbedaad6f8378cd5ed516991f77f51e50a5cd,,,,,,,
repository,data/results/实验3/09_group_shapley/group_shapley_contributions.csv,235,f9ef5f6017ef8928122c8f4825cb3eef7c1167b5f1067d98db34e407627d8ca1,,,,,,,
repository,data/results/实验3/09_group_shapley/group_shapley_summary.csv,370,dc62c6f64a3e3473b6cb4fab3f73ea800c35bba4925cb978eb398953aedab2e8,,,,,,,
repository,data/results/实验3/10_complementarity/incremental_gain_paths.csv,358,b106a18c19b22e98fd43c3dd62609309915c04554ecd5747bf08c2f610e9e34e,,,,,,,
repository,data/results/实验3/10_complementarity/pairwise_synergy.csv,364,b88fb06552c9755255ad18cb77726c8e6cbbd8dc43e4bbec29adf0e1c19e45b6,,,,,,,
repository,data/results/实验3/16_tables/E3_Table1_environment_groups.csv,497,073f57835a46e401762c8ac1781b1c5cbacc0e48e5e88d8dd2900d8c677d0d79,,,,,,,
repository,data/results/实验3/16_tables/E3_Table2_subset_performance.csv,615,cc2174ee72f5c6cd14d63ba10606998465dabdf7a5be2059c48efe31a427ec3a,,,,,,,
repository,data/results/实验3/16_tables/E3_Table3_group_contribution.csv,280,411daeb8af7240666f3117e30d621641d54dfb2af4fb0c3c72f33427c93f49e5,,,,,,,
repository,data/results/实验3/16_tables/E3_Table4_group_synergy.csv,358,176078e332e53448f69a2edd3b65a3c8c981f92e0871dd2f84a16b4170938a27,,,,,,,
repository,data/results/实验3/18_handoff/current_environment_training_ranges.csv,695,6bd7ffdacf979ee63177932f35d48e9b820fd8eecdbfeb8cc19c94254f04d5af,,,,,,,
repository,data/results/实验3/18_handoff/feature_order.json,156,e3d8827cf0d3c33f2f090dce1962c3d62c73d598b23ae1d38cc204fe90c18e80,,,,,,,
repository,data/results/实验3/18_handoff/models_manifest.csv,694,dde300c0e8ce069c8f48995bdc7c4e88f6550d457c1dc9a9c3aa699ec1feb15e,,,,,,,
repository,data/results/实验3/18_handoff/training_environment_matrix_sample.csv,426648,ecb5be2657ac9b526a326a9cfbafed2b308e2c50a8e4267173f2d4f359208e3a,,,,,,,
repository,data/results/实验4/10_area_statistics/GCM_summary_area_statistics.csv,1046,37c1218ce716b16a9b4a6ead70c6767f313277a3b09f37bc42499da3febb2b5f,,,,,,,
repository,data/results/实验4/10_area_statistics/scenario_area_statistics.csv,4439,9286151f708835dd793111b31c10f5a7fbbf12b04dd007c5517f6ca6681f8ef4,,,,,,,
repository,data/results/实验4/11_centroid_shift/centroid_by_scenario.csv,3999,8355d103812a6d5471aeb86892a5f524222218eac887e8adb9e3eef89ea83010,,,,,,,
repository,data/results/实验4/11_centroid_shift/centroid_migration.csv,3048,6aeab392455527eb6e8eedbfa4ab637cc0fb7ed4f5c2a522b16eccf9a5e6b175,,,,,,,
repository,data/results/实验4/12_elevation_shift/elevation_distribution_by_scenario.csv,10471,5993d926a5c623808fcbe182ae16addf4a05dd58044ddb5c30790e182b627c50,,,,,,,
repository,data/results/实验4/13_landscape_structure/landscape_metrics_by_scenario.csv,2552,353789104b6de368240df3ddcb5b2b741f8697c9351baa82e169af053c407b2a,,,,,,,
repository,data/results/实验4/14_scenario_comparison/SSP_gradient_test.csv,1028,76e735fc23d75c6b371f66f788a5ad85030b6594d317f231e5a1fe6974dc6495,,,,,,,
repository,data/results/实验4/18_tables/E4_Table1_scenario_registry.csv,3864,7c398a6bdf75c588ab762cf8a3c1fdd02eff115e88a52333ad2c45ef1b9db2f2,,,,,,,
repository,data/results/实验5/13_admin_statistics/uncertainty_by_adm0.csv,446,530bb467a34b6921fb1d4974ceed1c9e23315b7a036a531fc6faa0c63fb45a67,,,,,,,
repository,data/results/实验5/13_admin_statistics/uncertainty_by_adm1.csv,446,530bb467a34b6921fb1d4974ceed1c9e23315b7a036a531fc6faa0c63fb45a67,,,,,,,
repository,data/results/实验5/14_sensitivity/balanced_subset_sensitivity.csv,200,0e1cf88e705735a76be4b087bbc52b4c723bfd49d205c0a3116ac1b84efb934f,,,,,,,
repository,data/results/实验5/14_sensitivity/core_vs_margin_uncertainty.csv,339,712e081dc7d78bce93f7fb4022e855bff1c1eeda04b3502c73f4c5d92feb84f2,,,,,,,
repository,data/results/实验5/14_sensitivity/stability_threshold_sensitivity.csv,115,065b3aa5a8196a15851fd1ebb53366866dbb92633b7f7e25175890de39c1ff46,,,,,,,
repository,data/results/实验5/17_tables/E5_Table1_uncertainty_components.csv,140,b9ded4a28fbda4a952e737b7480565899e1ec1e7591aa722c3cf3289d206b926,,,,,,,
repository,data/results/实验5/17_tables/E5_Table2_stability_vulnerability.csv,300,c5f1a09994a569419eb410953082d2c0540e9542241dfaca409ad971b9233a37,,,,,,,
repository,data/results/实验5/17_tables/E5_Table3_ADM1_risk_ranking.csv,436,0c05563bbb32b7f43c23cacd1066a294f7993ba21a46461f3c820525fd0c838b,,,,,,,
repository,data/results/实验5/17_tables/E5_Table4_missing_scenario_sensitivity.csv,200,0e1cf88e705735a76be4b087bbc52b4c723bfd49d205c0a3116ac1b84efb934f,,,,,,,
repository,data/results/实验6B/17_final_handoff/final_tables/ADM1_priority_statistics.csv,1262,a7ae1148669ae4f37b4e65ddae544869d727f72b7e116ef648d460e6a2ac7a20,,,,,,,
repository,data/results/实验6B/17_final_handoff/final_tables/top_core_candidate_patches.csv,163,f31ab10a0bece821735eb62e279a12e15636a77c2ad5fa85f27b77217e3547f6,,,,,,,
repository,data/results/实验6B/17_final_handoff/final_tables/zoning_area_summary.csv,448,89433494776b096148100985814e7c93228c8676d90253d1816e51813bec6467,,,,,,,
repository,data/results/实验6B/17_final_handoff/final_tables/zoning_robustness_summary.csv,1014,e35d5b23004b2d6ef23e8d9fb084ae4ddbd9b3d559fd7f9723204331c8495c8a,,,,,,,
repository,data/results/实验6B/17_final_handoff/METHODS_PARAMETER_MANIFEST.csv,1742,6acd1b0bdbb7ced53354922d26acd893e67e3d8a7f0670755b03a2a9d2fa90e9,,,,,,,
repository,data/occurrence/occurrence_cultivated_or_uncertain.csv,568,95a585bc9a8cf4dd626519492de13c835cf93221dcdbc7a30102acfb4de21d2c,,,,,,,
repository,data/occurrence/occurrence_field_mapping.csv,687,596b70e33bed8751f233d128c4210fc0d619bf99e68a33e5a53e07ec3f8aff15,,,,,,,
repository,data/occurrence/occurrence_filtering_flow.csv,208,87dedc7a40a005954a3a5e36a1c51585eb17e0ff2b42bd61f0b8104bc0faf829,,,,,,,
repository,data/occurrence/occurrence_geographic_flags.csv,23182,0f34ac775d1fc999c4640bf9ad669ce1712c66c21920ab8a685e1786ba4f373c,,,,,,,
repository,data/occurrence/occurrence_noncultivated_candidate.csv,58749,85fcfb7f41af45d4a66c8b19b771a2eb590b2e500f77f2a5d391a3030da91888,,,,,,,
repository,data/occurrence/occurrence_standardized.csv,129893,a4787127366a8e1f58809f5c7bb4e2be58f5fe57512bc4ee26db94f5d3a997f0,,,,,,,
repository,data/occurrence/occurrence_thin_10km.csv,37353,f23dfd211c05a9ead2490e8284ce4041ed67cffd3f24e6cebac47f759b1aa74f,,,,,,,
repository,data/occurrence/occurrence_thin_20km.csv,31513,bb53f1d5fb1159a62e6f564ed50eecd4d41035577715fcbc1a6230a40f95e72a,,,,,,,
repository,data/occurrence/occurrence_thin_5km.csv,42931,c7c22352cfa5e6b26096fe02aceb2b3c6c42d529571ecf014f023daf93851ec4,,,,,,,
aligned_nonclimate_predictors.zip,实验1/01_input/bdod_0_15cm.tif,3473545,e49a3560069e0569435b5873b66642534980a2beae7965c5465d439988876009,EPSG:4326,8640,4320,1,float32,-9999.0,"0.0416666666667,0,-180,0,-0.0416666666667,90"
aligned_nonclimate_predictors.zip,实验1/01_input/cec_0_15cm.tif,3549406,c728a10e441ffb8bcf96898a79528c8757578370408daf7b8ed4580428e1beb5,EPSG:4326,8640,4320,1,float32,-9999.0,"0.0416666666667,0,-180,0,-0.0416666666667,90"
aligned_nonclimate_predictors.zip,实验1/01_input/clay_0_15cm.tif,3563626,b9ab61a1c37cfb2b18f64e4252678c065073ea6d54d58deb662f9442209fc8a5,EPSG:4326,8640,4320,1,float32,-9999.0,"0.0416666666667,0,-180,0,-0.0416666666667,90"
aligned_nonclimate_predictors.zip,实验1/01_input/common_valid_mask.tif,969853,d1de8bfc71cd953bf48b02ffdd42b519eeba6d9663ee502666ea2f8128e6f446,EPSG:4326,8640,4320,1,uint8,0.0,"0.0416666666667,0,-180,0,-0.0416666666667,90"
aligned_nonclimate_predictors.zip,实验1/01_input/eastness.tif,4002559,42e8531abfc052f3876decbc83f2d404c330e5c364f591a1c758997e0e1d3d93,EPSG:4326,8640,4320,1,float32,-9999.0,"0.0416666666667,0,-180,0,-0.0416666666667,90"
aligned_nonclimate_predictors.zip,实验1/01_input/elevation.tif,3835330,5848edf58dd8a6f67267bec027237b6e55e2f41d92bf57d10e4fe31dbbea2b5f,EPSG:4326,8640,4320,1,float32,-9999.0,"0.0416666666667,0,-180,0,-0.0416666666667,90"
aligned_nonclimate_predictors.zip,实验1/01_input/nitrogen_0_15cm.tif,3600771,058e8d8234e4e45d34aa5c8e220627d230d3271679b0874fc73fac8a7093cd8a,EPSG:4326,8640,4320,1,float32,-9999.0,"0.0416666666667,0,-180,0,-0.0416666666667,90"
aligned_nonclimate_predictors.zip,实验1/01_input/northness.tif,4051729,4467b0f44ddb56173f17b1e506f99257e5261a3874eec62e85a243b3ad023559,EPSG:4326,8640,4320,1,float32,-9999.0,"0.0416666666667,0,-180,0,-0.0416666666667,90"
aligned_nonclimate_predictors.zip,实验1/01_input/phh2o_0_15cm.tif,3499100,179fa77b6321f7f9c2b6ffe96f8681899adf66af0d4e392cea5e8d6cb3ead623,EPSG:4326,8640,4320,1,float32,-9999.0,"0.0416666666667,0,-180,0,-0.0416666666667,90"
aligned_nonclimate_predictors.zip,实验1/01_input/reference_grid_template.tif,37351098,c75de723e52685434b0189c690b292fded5fecfd8b2223da3c99895a9901c734,EPSG:4326,8640,4320,1,uint8,255.0,"0.0416666666667,0,-180,0,-0.0416666666667,90"
aligned_nonclimate_predictors.zip,实验1/01_input/sand_0_15cm.tif,3570092,11f78a0048ace09252043da2a5ea0a4b5033b81af8c5d48826d64a8c1400aa79,EPSG:4326,8640,4320,1,float32,-9999.0,"0.0416666666667,0,-180,0,-0.0416666666667,90"
aligned_nonclimate_predictors.zip,实验1/01_input/slope.tif,3670202,c19d2750f2a4cf20d6f0920382af21d56e1361c59e36e0f20d47fd177ceebfb4,EPSG:4326,8640,4320,1,float32,-9999.0,"0.0416666666667,0,-180,0,-0.0416666666667,90"
aligned_nonclimate_predictors.zip,实验1/01_input/soc_0_15cm.tif,3645176,7b0baea2f7f604d16801cc35505f84b3e59153e5e138ab2a169e2f2908f96ef4,EPSG:4326,8640,4320,1,float32,-9999.0,"0.0416666666667,0,-180,0,-0.0416666666667,90"
