gcm,ssp,period,dynamic_variables,static_variables,projection_status
ACCESS-CM2,ssp126,2041-2060,"bio02,bio03,bio05,bio15","clay,elevation,northness,sand",complete
ACCESS-CM2,ssp126,2061-2080,"bio02,bio03,bio05,bio15","clay,elevation,northness,sand",complete
ACCESS-CM2,ssp245,2041-2060,"bio02,bio03,bio05,bio15","clay,elevation,northness,sand",complete
ACCESS-CM2,ssp245,2061-2080,"bio02,bio03,bio05,bio15","clay,elevation,northness,sand",complete
ACCESS-CM2,ssp370,2041-2060,"bio02,bio03,bio05,bio15","clay,elevation,northness,sand",pending
ACCESS-CM2,ssp370,2061-2080,"bio02,bio03,bio05,bio15","clay,elevation,northness,sand",complete
ACCESS-CM2,ssp585,2041-2060,"bio02,bio03,bio05,bio15","clay,elevation,northness,sand",complete
ACCESS-CM2,ssp585,2061-2080,"bio02,bio03,bio05,bio15","clay,elevation,northness,sand",complete
BCC-CSM2-MR,ssp126,2041-2060,"bio02,bio03,bio05,bio15","clay,elevation,northness,sand",complete
BCC-CSM2-MR,ssp126,2061-2080,"bio02,bio03,bio05,bio15","clay,elevation,northness,sand",complete
BCC-CSM2-MR,ssp245,2041-2060,"bio02,bio03,bio05,bio15","clay,elevation,northness,sand",pending
BCC-CSM2-MR,ssp245,2061-2080,"bio02,bio03,bio05,bio15","clay,elevation,northness,sand",complete
BCC-CSM2-MR,ssp370,2041-2060,"bio02,bio03,bio05,bio15","clay,elevation,northness,sand",complete
BCC-CSM2-MR,ssp370,2061-2080,"bio02,bio03,bio05,bio15","clay,elevation,northness,sand",complete
BCC-CSM2-MR,ssp585,2041-2060,"bio02,bio03,bio05,bio15","clay,elevation,northness,sand",complete
BCC-CSM2-MR,ssp585,2061-2080,"bio02,bio03,bio05,bio15","clay,elevation,northness,sand",complete
MIROC6,ssp126,2041-2060,"bio02,bio03,bio05,bio15","clay,elevation,northness,sand",pending
MIROC6,ssp126,2061-2080,"bio02,bio03,bio05,bio15","clay,elevation,northness,sand",complete
MIROC6,ssp245,2041-2060,"bio02,bio03,bio05,bio15","clay,elevation,northness,sand",complete
MIROC6,ssp245,2061-2080,"bio02,bio03,bio05,bio15","clay,elevation,northness,sand",complete
MIROC6,ssp370,2041-2060,"bio02,bio03,bio05,bio15","clay,elevation,northness,sand",pending
MIROC6,ssp370,2061-2080,"bio02,bio03,bio05,bio15","clay,elevation,northness,sand",complete
MIROC6,ssp585,2041-2060,"bio02,bio03,bio05,bio15","clay,elevation,northness,sand",complete
MIROC6,ssp585,2061-2080,"bio02,bio03,bio05,bio15","clay,elevation,northness,sand",complete
MPI-ESM1-2-HR,ssp126,2041-2060,"bio02,bio03,bio05,bio15","clay,elevation,northness,sand",complete
MPI-ESM1-2-HR,ssp126,2061-2080,"bio02,bio03,bio05,bio15","clay,elevation,northness,sand",complete
MPI-ESM1-2-HR,ssp245,2041-2060,"bio02,bio03,bio05,bio15","clay,elevation,northness,sand",complete
MPI-ESM1-2-HR,ssp245,2061-2080,"bio02,bio03,bio05,bio15","clay,elevation,northness,sand",complete
MPI-ESM1-2-HR,ssp370,2041-2060,"bio02,bio03,bio05,bio15","clay,elevation,northness,sand",complete
MPI-ESM1-2-HR,ssp370,2061-2080,"bio02,bio03,bio05,bio15","clay,elevation,northness,sand",complete
MPI-ESM1-2-HR,ssp585,2041-2060,"bio02,bio03,bio05,bio15","clay,elevation,northness,sand",complete
MPI-ESM1-2-HR,ssp585,2061-2080,"bio02,bio03,bio05,bio15","clay,elevation,northness,sand",complete
MRI-ESM2-0,ssp126,2041-2060,"bio02,bio03,bio05,bio15","clay,elevation,northness,sand",complete
MRI-ESM2-0,ssp126,2061-2080,"bio02,bio03,bio05,bio15","clay,elevation,northness,sand",complete
MRI-ESM2-0,ssp245,2041-2060,"bio02,bio03,bio05,bio15","clay,elevation,northness,sand",complete
MRI-ESM2-0,ssp245,2061-2080,"bio02,bio03,bio05,bio15","clay,elevation,northness,sand",complete
MRI-ESM2-0,ssp370,2041-2060,"bio02,bio03,bio05,bio15","clay,elevation,northness,sand",complete
MRI-ESM2-0,ssp370,2061-2080,"bio02,bio03,bio05,bio15","clay,elevation,northness,sand",complete
MRI-ESM2-0,ssp585,2041-2060,"bio02,bio03,bio05,bio15","clay,elevation,northness,sand",complete
MRI-ESM2-0,ssp585,2061-2080,"bio02,bio03,bio05,bio15","clay,elevation,northness,sand",complete
