model,variable,mean_delta_auc,sd_delta_auc,mean_baseline_auc
brt,bio02,0.03662985509803922,0.021028932810078768,0.9336079215686275
brt,bio03,0.10806495019607842,0.051880418985913404,0.9336079215686275
brt,bio05,0.01942051450980393,0.010725524222944954,0.9336079215686275
brt,bio15,0.0698422792156863,0.04149954764856899,0.9336079215686275
brt,clay,0.008853510392156866,0.011116538848866443,0.9336079215686275
brt,elevation,0.004475965686274512,0.009400323027687781,0.9336079215686275
brt,northness,0.003199485098039212,0.008685545594727338,0.9336079215686275
brt,sand,0.011939302549019603,0.013068656379735902,0.9336079215686275
maxent,bio02,-8.010999999999102e-05,0.0010023189163135674,0.504
maxent,bio03,0.007919110000000016,0.009798630763854916,0.504
maxent,bio05,-1.9599999999986294e-05,2.4125932231932342e-05,0.504
maxent,bio15,-1.9599999999986294e-05,2.4125932231932342e-05,0.504
maxent,clay,0.0,0.0,0.504
maxent,elevation,0.0,0.0,0.504
maxent,northness,0.0,0.0,0.504
maxent,sand,0.0,0.0,0.504
random_forest,bio02,0.04712613980392158,0.023005528653616863,0.9524209882352942
random_forest,bio03,0.033842119607843155,0.014405105307548183,0.9524209882352942
random_forest,bio05,0.025079416470588253,0.010474235467262602,0.9524209882352942
random_forest,bio15,0.09285909137254905,0.033592755179415984,0.9524209882352942
random_forest,clay,0.020389780392156876,0.01307183367946646,0.9524209882352942
random_forest,elevation,0.01849007078431374,0.013106525598234497,0.9524209882352942
random_forest,northness,0.004135131960784334,0.008985464629090138,0.9524209882352942
random_forest,sand,0.016580881960784336,0.012931213607304162,0.9524209882352942
xgboost,bio02,0.03840348784313731,0.01690654648424281,0.9426491764705882
xgboost,bio03,0.05337052117647063,0.013056285260360985,0.9426491764705882
xgboost,bio05,0.023160584313725543,0.012882359927450604,0.9426491764705882
xgboost,bio15,0.07872569215686281,0.03227708869339275,0.9426491764705882
xgboost,clay,0.005684226666666714,0.012245647361627513,0.9426491764705882
xgboost,elevation,0.007168961176470652,0.009915716131380982,0.9426491764705882
xgboost,northness,0.0005263200000000512,0.012187450769678585,0.9426491764705882
xgboost,sand,0.005162007450980456,0.01188405208061112,0.9426491764705882
