gcm,ssp,period,centroid_type,longitude,latitude
ACCESS-CM2,ssp126,2041-2060,weighted,11.937661,1.819932
ACCESS-CM2,ssp126,2041-2060,binary,9.816333,5.045114
ACCESS-CM2,ssp126,2061-2080,weighted,12.266425,1.890288
ACCESS-CM2,ssp126,2061-2080,binary,9.993725,5.227620
ACCESS-CM2,ssp245,2041-2060,weighted,12.276632,1.606513
ACCESS-CM2,ssp245,2041-2060,binary,10.005359,4.954024
ACCESS-CM2,ssp245,2061-2080,weighted,12.537336,1.374000
ACCESS-CM2,ssp245,2061-2080,binary,10.396286,4.681608
ACCESS-CM2,ssp370,2061-2080,weighted,12.553798,1.200930
ACCESS-CM2,ssp370,2061-2080,binary,10.113646,4.679839
ACCESS-CM2,ssp585,2041-2060,weighted,12.200139,1.372381
ACCESS-CM2,ssp585,2041-2060,binary,9.710168,4.830240
ACCESS-CM2,ssp585,2061-2080,weighted,12.599504,1.023041
ACCESS-CM2,ssp585,2061-2080,binary,10.234664,4.371844
BCC-CSM2-MR,ssp126,2041-2060,weighted,12.671491,2.073349
BCC-CSM2-MR,ssp126,2041-2060,binary,10.298369,4.563718
BCC-CSM2-MR,ssp126,2061-2080,weighted,11.215470,2.226973
BCC-CSM2-MR,ssp126,2061-2080,binary,8.810462,5.073780
BCC-CSM2-MR,ssp245,2061-2080,weighted,12.790498,1.812334
BCC-CSM2-MR,ssp245,2061-2080,binary,10.305808,4.732790
BCC-CSM2-MR,ssp370,2041-2060,weighted,12.546807,2.005259
BCC-CSM2-MR,ssp370,2041-2060,binary,10.268906,5.021897
BCC-CSM2-MR,ssp370,2061-2080,weighted,12.642254,1.636055
BCC-CSM2-MR,ssp370,2061-2080,binary,10.189637,4.675123
BCC-CSM2-MR,ssp585,2041-2060,weighted,11.831893,1.471767
BCC-CSM2-MR,ssp585,2041-2060,binary,10.268904,3.725398
BCC-CSM2-MR,ssp585,2061-2080,weighted,12.542943,1.241233
BCC-CSM2-MR,ssp585,2061-2080,binary,10.436134,3.958916
MIROC6,ssp126,2061-2080,weighted,11.102108,2.531753
MIROC6,ssp126,2061-2080,binary,8.916134,6.197443
MIROC6,ssp245,2041-2060,weighted,10.644440,2.424381
MIROC6,ssp245,2041-2060,binary,8.449720,6.012182
MIROC6,ssp245,2061-2080,weighted,10.811610,2.652624
MIROC6,ssp245,2061-2080,binary,8.801006,6.401297
MIROC6,ssp370,2061-2080,weighted,10.323256,2.436177
MIROC6,ssp370,2061-2080,binary,8.202731,6.111742
MIROC6,ssp585,2041-2060,weighted,10.781230,2.439758
MIROC6,ssp585,2041-2060,binary,8.703209,6.107501
MIROC6,ssp585,2061-2080,weighted,10.395125,2.386992
MIROC6,ssp585,2061-2080,binary,8.537767,6.207345
MPI-ESM1-2-HR,ssp126,2041-2060,weighted,11.721879,2.001913
MPI-ESM1-2-HR,ssp126,2041-2060,binary,9.179796,5.246349
MPI-ESM1-2-HR,ssp126,2061-2080,weighted,11.877368,1.955738
MPI-ESM1-2-HR,ssp126,2061-2080,binary,9.203419,5.173454
MPI-ESM1-2-HR,ssp245,2041-2060,weighted,12.228590,1.886827
MPI-ESM1-2-HR,ssp245,2041-2060,binary,9.639293,5.491366
MPI-ESM1-2-HR,ssp245,2061-2080,weighted,12.251618,1.774009
MPI-ESM1-2-HR,ssp245,2061-2080,binary,9.765801,5.132831
MPI-ESM1-2-HR,ssp370,2041-2060,weighted,11.960970,1.541217
MPI-ESM1-2-HR,ssp370,2041-2060,binary,9.453491,5.077850
MPI-ESM1-2-HR,ssp370,2061-2080,weighted,12.111219,1.327067
MPI-ESM1-2-HR,ssp370,2061-2080,binary,9.772723,4.868652
MPI-ESM1-2-HR,ssp585,2041-2060,weighted,12.180972,1.485908
MPI-ESM1-2-HR,ssp585,2041-2060,binary,9.598131,5.208354
MPI-ESM1-2-HR,ssp585,2061-2080,weighted,12.820230,1.306549
MPI-ESM1-2-HR,ssp585,2061-2080,binary,10.224763,4.759585
MRI-ESM2-0,ssp126,2041-2060,weighted,12.420838,1.943188
MRI-ESM2-0,ssp126,2041-2060,binary,10.143150,5.176993
MRI-ESM2-0,ssp126,2061-2080,weighted,12.244137,1.771333
MRI-ESM2-0,ssp126,2061-2080,binary,10.116949,4.868840
MRI-ESM2-0,ssp245,2041-2060,weighted,11.937121,1.590297
MRI-ESM2-0,ssp245,2041-2060,binary,9.759235,4.820576
MRI-ESM2-0,ssp245,2061-2080,weighted,11.806736,1.650448
MRI-ESM2-0,ssp245,2061-2080,binary,9.808290,4.834350
MRI-ESM2-0,ssp370,2041-2060,weighted,12.126103,1.507821
MRI-ESM2-0,ssp370,2041-2060,binary,9.835360,4.921051
MRI-ESM2-0,ssp370,2061-2080,weighted,12.231503,1.456939
MRI-ESM2-0,ssp370,2061-2080,binary,9.959795,4.515054
MRI-ESM2-0,ssp585,2041-2060,weighted,11.967216,1.586513
MRI-ESM2-0,ssp585,2041-2060,binary,9.397782,4.968790
MRI-ESM2-0,ssp585,2061-2080,weighted,12.021914,1.205972
MRI-ESM2-0,ssp585,2061-2080,binary,9.871578,4.452238
