gcm,ssp,period,current_lon,current_lat,future_lon,future_lat,distance_km,bearing_deg,direction
ACCESS-CM2,ssp126,2041-2060,16.922496,0.876002,11.937661,1.819932,563.98,280.8,W
ACCESS-CM2,ssp126,2061-2080,16.922496,0.876002,12.266425,1.890288,529.72,282.3,WNW
ACCESS-CM2,ssp245,2041-2060,16.922496,0.876002,12.276632,1.606513,522.82,279.0,W
ACCESS-CM2,ssp245,2061-2080,16.922496,0.876002,12.537336,1.374000,490.65,276.5,W
ACCESS-CM2,ssp370,2061-2080,16.922496,0.876002,12.553798,1.200930,487.04,274.3,W
ACCESS-CM2,ssp585,2041-2060,16.922496,0.876002,12.200139,1.372381,527.89,276.0,W
ACCESS-CM2,ssp585,2061-2080,16.922496,0.876002,12.599504,1.023041,480.91,272.0,W
BCC-CSM2-MR,ssp126,2041-2060,16.922496,0.876002,12.671491,2.073349,490.92,285.8,WNW
BCC-CSM2-MR,ssp126,2061-2080,16.922496,0.876002,11.215470,2.226973,651.89,283.4,WNW
BCC-CSM2-MR,ssp245,2061-2080,16.922496,0.876002,12.790498,1.812334,470.98,282.8,WNW
BCC-CSM2-MR,ssp370,2041-2060,16.922496,0.876002,12.546807,2.005259,502.34,284.5,WNW
BCC-CSM2-MR,ssp370,2061-2080,16.922496,0.876002,12.642254,1.636055,483.27,280.1,W
BCC-CSM2-MR,ssp585,2041-2060,16.922496,0.876002,11.831893,1.471767,569.79,276.7,W
BCC-CSM2-MR,ssp585,2061-2080,16.922496,0.876002,12.542943,1.241233,488.59,274.8,W
MIROC6,ssp126,2061-2080,16.922496,0.876002,11.102108,2.531753,672.58,286.0,WNW
MIROC6,ssp245,2041-2060,16.922496,0.876002,10.644440,2.424381,718.70,283.9,WNW
MIROC6,ssp245,2061-2080,16.922496,0.876002,10.811610,2.652624,707.30,286.3,WNW
MIROC6,ssp370,2061-2080,16.922496,0.876002,10.323256,2.436177,753.71,283.4,WNW
MIROC6,ssp585,2041-2060,16.922496,0.876002,10.781230,2.439758,704.37,284.4,WNW
MIROC6,ssp585,2061-2080,16.922496,0.876002,10.395125,2.386992,744.70,283.1,WNW
MPI-ESM1-2-HR,ssp126,2041-2060,16.922496,0.876002,11.721879,2.001913,591.49,282.3,WNW
MPI-ESM1-2-HR,ssp126,2061-2080,16.922496,0.876002,11.877368,1.955738,573.52,282.1,WNW
MPI-ESM1-2-HR,ssp245,2041-2060,16.922496,0.876002,12.228590,1.886827,533.75,282.2,WNW
MPI-ESM1-2-HR,ssp245,2061-2080,16.922496,0.876002,12.251618,1.774009,528.75,280.9,W
MPI-ESM1-2-HR,ssp370,2041-2060,16.922496,0.876002,11.960970,1.541217,556.51,277.7,W
MPI-ESM1-2-HR,ssp370,2061-2080,16.922496,0.876002,12.111219,1.327067,537.24,275.4,W
MPI-ESM1-2-HR,ssp585,2041-2060,16.922496,0.876002,12.180972,1.485908,531.46,277.4,W
MPI-ESM1-2-HR,ssp585,2061-2080,16.922496,0.876002,12.820230,1.306549,458.57,276.0,W
MRI-ESM2-0,ssp126,2041-2060,16.922496,0.876002,12.420838,1.943188,514.28,283.4,WNW
MRI-ESM2-0,ssp126,2061-2080,16.922496,0.876002,12.244137,1.771333,529.51,280.9,W
MRI-ESM2-0,ssp245,2041-2060,16.922496,0.876002,11.937121,1.590297,559.88,278.2,W
MRI-ESM2-0,ssp245,2061-2080,16.922496,0.876002,11.806736,1.650448,575.19,278.7,W
MRI-ESM2-0,ssp370,2041-2060,16.922496,0.876002,12.126103,1.507821,537.82,277.6,W
MRI-ESM2-0,ssp370,2061-2080,16.922496,0.876002,12.231503,1.456939,525.49,277.1,W
MRI-ESM2-0,ssp585,2041-2060,16.922496,0.876002,11.967216,1.586513,556.51,278.2,W
MRI-ESM2-0,ssp585,2061-2080,16.922496,0.876002,12.021914,1.205972,546.06,273.9,W
