x_variable,y_variable,x_center,y_center,ale2d,support_n,model
bio15,bio02,36.76146935621897,7.494029492139816,0.0030028856089300113,26,ensemble
bio15,bio02,36.76146935621897,8.095255953073503,0.014847771537862629,53,ensemble
bio15,bio02,36.76146935621897,8.696482414007187,0.0029943771586908264,42,ensemble
bio15,bio02,36.76146935621897,9.297708874940872,0.029662869090689027,23,ensemble
bio15,bio02,44.004154849052426,7.494029492139816,0.0030130461383127824,32,ensemble
bio15,bio02,44.004154849052426,8.095255953073503,0.04355580037238685,31,ensemble
bio15,bio02,44.004154849052426,8.696482414007187,0.03126847811324156,22,ensemble
bio15,bio02,44.004154849052426,9.297708874940872,0.003039370502479543,15,ensemble
bio15,bio02,51.246840341885886,7.494029492139816,0.009607238963136821,95,ensemble
bio15,bio02,51.246840341885886,8.095255953073503,0.003056684206070399,50,ensemble
bio15,bio02,51.246840341885886,8.696482414007187,0.003013980084105117,33,ensemble
bio15,bio02,51.246840341885886,9.297708874940872,0.027479757021261975,25,ensemble
bio15,bio02,51.246840341885886,9.898935335874556,0.05048910975761653,13,ensemble
bio15,bio02,58.48952583471933,7.494029492139816,0.006128843924911027,124,ensemble
bio15,bio02,58.48952583471933,8.095255953073503,0.003220958696351639,51,ensemble
bio15,bio02,58.48952583471933,8.696482414007187,0.0029834326837874514,12,ensemble
bio15,bio02,58.48952583471933,9.297708874940872,0.06793074246070496,10,ensemble
bio15,bio02,65.73221132755279,7.494029492139816,0.0031777017509439748,38,ensemble
bio15,bio02,65.73221132755279,8.095255953073503,0.011059107709868612,78,ensemble
bio15,bio02,65.73221132755279,8.696482414007187,0.015972125619396423,48,ensemble
bio15,bio02,65.73221132755279,9.297708874940872,0.0030965690650023195,33,ensemble
bio15,bio02,65.73221132755279,9.898935335874556,0.04784519038783357,17,ensemble
bio15,bio02,65.73221132755279,10.500161796808243,0.0848452379648184,14,ensemble
bio15,bio02,65.73221132755279,11.101388257741927,0.03934491563285111,21,ensemble
bio15,bio02,65.73221132755279,11.702614718675612,0.027065291815459486,16,ensemble
bio15,bio02,65.73221132755279,12.303841179609298,0.034976030681025685,24,ensemble
bio15,bio02,65.73221132755279,12.905067640542983,0.014141105230126325,35,ensemble
bio15,bio02,65.73221132755279,13.506294101476668,0.01174819846143833,45,ensemble
bio15,bio02,65.73221132755279,14.107520562410354,0.0689306634892507,29,ensemble
bio15,bio02,72.97489682038625,8.696482414007187,0.035265516652070936,12,ensemble
bio15,bio02,72.97489682038625,9.297708874940872,0.004814224807477528,20,ensemble
bio15,bio02,72.97489682038625,9.898935335874556,0.04235913310010349,20,ensemble
bio15,bio02,72.97489682038625,10.500161796808243,0.11907728993518024,22,ensemble
bio15,bio02,72.97489682038625,11.101388257741927,0.003248640911571839,11,ensemble
bio15,bio02,72.97489682038625,11.702614718675612,0.03486886070216144,39,ensemble
bio15,bio02,72.97489682038625,12.303841179609298,0.024750178431898154,53,ensemble
bio15,bio02,72.97489682038625,12.905067640542983,0.05198060130767536,32,ensemble
bio15,bio02,72.97489682038625,13.506294101476668,0.041371851761964146,51,ensemble
bio15,bio02,72.97489682038625,14.107520562410354,0.01771523640485723,52,ensemble
bio15,bio02,80.21758231321971,9.297708874940872,0.09231867753168442,17,ensemble
bio15,bio02,80.21758231321971,9.898935335874556,0.012132819456668912,44,ensemble
bio15,bio02,80.21758231321971,10.500161796808243,0.02614622512473031,82,ensemble
bio15,bio02,80.21758231321971,11.101388257741927,0.00898606596783996,64,ensemble
bio15,bio02,80.21758231321971,11.702614718675612,0.0504796015243696,49,ensemble
bio15,bio02,80.21758231321971,12.303841179609298,0.04443379443324562,24,ensemble
bio15,bio02,80.21758231321971,12.905067640542983,0.08472531486573812,15,ensemble
bio15,bio02,87.46026780605317,9.898935335874556,0.018133010341140187,26,ensemble
bio15,bio02,87.46026780605317,10.500161796808243,0.04181652883377599,78,ensemble
bio15,bio02,87.46026780605317,11.101388257741927,0.014792697258319365,82,ensemble
bio15,bio02,87.46026780605317,11.702614718675612,0.003088090501348571,77,ensemble
bio15,bio02,87.46026780605317,12.303841179609298,0.0030100124788192415,50,ensemble
bio15,bio02,87.46026780605317,12.905067640542983,0.01929066980360109,39,ensemble
bio15,bio02,87.46026780605317,13.506294101476668,0.002933392865169487,30,ensemble
bio15,bio02,87.46026780605317,14.107520562410354,0.0030152533817853822,51,ensemble
bio15,bio02,94.7029532988866,9.898935335874556,0.0033934301514723653,15,ensemble
bio15,bio02,94.7029532988866,10.500161796808243,0.03602398975460164,41,ensemble
bio15,bio02,94.7029532988866,11.101388257741927,0.0030008734852449556,87,ensemble
bio15,bio02,94.7029532988866,11.702614718675612,0.003122714472073242,116,ensemble
bio15,bio02,94.7029532988866,12.303841179609298,0.008860330884065824,126,ensemble
bio15,bio02,94.7029532988866,12.905067640542983,0.0054373123879673385,151,ensemble
bio15,bio02,94.7029532988866,13.506294101476668,0.0029444207532558836,102,ensemble
bio15,bio02,94.7029532988866,14.107520562410354,0.0029462772289844358,97,ensemble
bio15,bio02,101.94563879172006,9.297708874940872,0.0029463682003198956,16,ensemble
bio15,bio02,101.94563879172006,9.898935335874556,0.011875143732418766,41,ensemble
bio15,bio02,101.94563879172006,10.500161796808243,0.0030337182849255948,79,ensemble
bio15,bio02,101.94563879172006,11.101388257741927,0.002992071543601569,84,ensemble
bio15,bio02,101.94563879172006,11.702614718675612,0.014956682355036574,129,ensemble
bio15,bio02,101.94563879172006,12.303841179609298,0.010296283499808882,207,ensemble
bio15,bio02,101.94563879172006,12.905067640542983,0.003003323713097442,118,ensemble
bio15,bio02,101.94563879172006,13.506294101476668,0.0029665739383152993,23,ensemble
bio15,bio02,101.94563879172006,14.107520562410354,0.002877639348132079,35,ensemble
bio15,bio02,109.18832428455352,9.297708874940872,0.0029810318479047138,16,ensemble
bio15,bio02,109.18832428455352,9.898935335874556,0.08911421381177125,15,ensemble
bio15,bio02,109.18832428455352,10.500161796808243,0.003102543193427556,18,ensemble
bio15,bio02,109.18832428455352,11.101388257741927,0.0028553477029366284,16,ensemble
bio15,bio02,109.18832428455352,11.702614718675612,0.009699002010518657,95,ensemble
bio15,bio02,109.18832428455352,12.303841179609298,0.008037703551986108,125,ensemble
bio15,bio02,109.18832428455352,12.905067640542983,0.002875828236487811,11,ensemble
bio15,bio02,116.43100977738698,11.101388257741927,0.002850313232586678,41,ensemble
bio15,bio02,116.43100977738698,11.702614718675612,0.00859297976111694,112,ensemble
bio15,bio02,116.43100977738698,12.303841179609298,0.0028771643674393465,54,ensemble
bio15,bio02,116.43100977738698,12.905067640542983,0.002881577666055878,51,ensemble
