model,variable_1,variable_2,H_statistic
maxent,bio15,bio02,0.0
random_forest,bio15,bio02,0.0
xgboost,bio15,bio02,0.301238
brt,bio15,bio02,0.0
maxent,bio15,bio05,0.0
random_forest,bio15,bio05,0.0
xgboost,bio15,bio05,0.1447
brt,bio15,bio05,0.0
maxent,bio03,bio15,0.0
random_forest,bio03,bio15,0.228879
xgboost,bio03,bio15,0.026974
brt,bio03,bio15,0.128995
maxent,bio03,bio02,0.0
random_forest,bio03,bio02,0.0
xgboost,bio03,bio02,0.080914
brt,bio03,bio02,0.116153
maxent,bio15,clay,0.0
random_forest,bio15,clay,0.0
xgboost,bio15,clay,0.083593
brt,bio15,clay,0.0
maxent,bio02,clay,0.0
random_forest,bio02,clay,0.0
xgboost,bio02,clay,0.072555
brt,bio02,clay,0.093883
maxent,bio05,clay,0.0
random_forest,bio05,clay,0.0
xgboost,bio05,clay,0.097387
brt,bio05,clay,0.040825
maxent,bio03,bio05,0.0
random_forest,bio03,bio05,0.010649
xgboost,bio03,bio05,0.127869
brt,bio03,bio05,0.063798
maxent,bio03,clay,0.0
random_forest,bio03,clay,0.047101
xgboost,bio03,clay,0.097732
brt,bio03,clay,0.055581
maxent,bio02,bio05,0.0
random_forest,bio02,bio05,0.0
xgboost,bio02,bio05,0.114229
brt,bio02,bio05,0.008953
