variable_1,variable_2,consensus_H,maxent_H,random_forest_H,xgboost_H,brt_H,n_models_positive_H,interaction_rank
bio15,bio02,0.301238,0.0,0.0,0.301238,0.0,1,1
bio15,bio05,0.1447,0.0,0.0,0.1447,0.0,1,2
bio03,bio15,0.128282,0.0,0.228879,0.026974,0.128995,3,3
bio03,bio02,0.098534,0.0,0.0,0.080914,0.116153,2,4
bio15,clay,0.083593,0.0,0.0,0.083593,0.0,1,5
bio02,clay,0.083219,0.0,0.0,0.072555,0.093883,2,6
bio05,clay,0.069106,0.0,0.0,0.097387,0.040825,2,7
bio03,bio05,0.067439,0.0,0.010649,0.127869,0.063798,3,8
bio03,clay,0.066805,0.0,0.047101,0.097732,0.055581,3,9
bio02,bio05,0.061591,0.0,0.0,0.114229,0.008953,1,10
