subset,outer_fold,n_variables,auc,tss,boyce,sensitivity,specificity,balanced_accuracy,pr_auc
C,0,4,0.8137130187140117,0.24093787696123098,0.22001968257597562,0.9877061717278866,0.2532317052333446,0.6204689384806156,0.374294310092642
C,1,4,0.8106423862169705,0.23976782166012434,0.21159740003472077,0.9865587477558225,0.2532090739043019,0.6198839108300622,0.4788752939420205
C,2,4,0.9538344422610314,0.35055644730046503,0.5270094649173358,0.9825578711176083,0.36799857618285664,0.6752782236502325,0.8292217021176193
C,3,4,0.8250567922799512,0.2369113242227585,0.4136611916288973,0.9837404206723661,0.2531709035503925,0.6184556621113794,0.4907124068909162
C,4,4,0.8536564098131808,0.24117947400118345,0.44809947079261897,0.987966606268553,0.25321286773263063,0.6205897370005918,0.5977317651903944
S,0,2,0.7205970497559603,0.22519559509626363,0.0,0.8577816053714507,0.36741398972481315,0.6125977975481318,0.011880867879347381
S,1,2,0.762821585699351,0.2532577267602587,0.0,0.8857274137572487,0.36753031300301003,0.6266288633801295,0.016000303683854036
S,2,2,0.8750374665736105,0.320964836051107,0.0,0.9531146241600582,0.36785021189104894,0.6604824180255535,0.02747855980740315
S,3,2,0.7109461385780548,0.15570995752708036,0.0,0.7887035677778272,0.36700638974925326,0.5778549787635402,0.015316196543919306
S,4,2,0.7890274136143192,0.22056993631000843,0.0,0.8532082878645555,0.367361648445453,0.6102849681550043,0.020748550171894687
T,0,2,0.6820422314259309,0.14799056742403693,0.0,0.7809637359837837,0.36702683144025333,0.5739952837120186,0.012186114661563982
T,1,2,0.7462658379071762,0.20586740600605577,0.0,0.838591745687933,0.3672756603181227,0.602933703003028,0.018506838490343944
T,2,2,0.8691321164136458,0.30455955199632867,0.0,0.9367915917383586,0.3677679602579702,0.6522797759981644,0.027630439924577078
T,3,2,0.755778996322704,0.22652881917730028,0.0,0.8591672466564638,0.3673615725208367,0.6132644095886501,0.01617422592907522
T,4,2,0.8040601089165296,0.25560968618625246,0.0,0.8880925456293389,0.36751714055691354,0.6278048430931262,0.023171448218803372
CS,0,6,0.8131420279309214,0.23471013842620825,0.22001968257597562,0.9815096632907034,0.25320047513550503,0.6173550692131042,0.3842731115614628
CS,1,6,0.8263857675800095,0.22631331757324155,0.21405512229776646,0.9731717186142099,0.2531415989590317,0.6131566587866208,0.4932235750450702
CS,2,6,0.9579306577072508,0.3450880192822055,0.8277039447160423,0.9771168603103751,0.3679711589718304,0.6725440096411027,0.8439396968640793
CS,3,6,0.8226570226552895,0.2369113242227585,0.5040469591566572,0.9837404206723661,0.2531709035503925,0.6184556621113794,0.48501259812377695
CS,4,6,0.8410900562758541,0.23719137775669402,0.49785835247757515,0.9839985092331222,0.25319286852357203,0.618595688878347,0.5956657919112115
CT,0,6,0.7992813267136996,0.22235434986409383,0.22001968257597562,0.9692158350185898,0.2531385148455042,0.6111771749320469,0.3693020623615228
CT,1,6,0.8251350415092787,0.243172319985215,0.21159740003472077,0.9899461723681493,0.25322614761706563,0.6215861599926075,0.4953236766964145
CT,2,6,0.9586459150372983,0.35055644730046503,0.6488177877432324,0.9825578711176083,0.36799857618285664,0.6752782236502325,0.7678873566519865
CT,3,6,0.8367652888573582,0.2369113242227585,0.47000979580812174,0.9837404206723661,0.2531709035503925,0.6184556621113794,0.492179505140657
CT,4,6,0.8491166649869634,0.23719137775669402,0.6087791284486033,0.9839985092331222,0.25319286852357203,0.618595688878347,0.5981428673406459
ST,0,4,0.7455723004322179,0.3316368129474378,0.0,0.836314591372388,0.49532222157504996,0.6658184064737189,0.012833227530576172
ST,1,4,0.7849079159105344,0.36698595689606606,0.0,0.8725285864156215,0.49445737048044475,0.683492978448033,0.017498423712495204
ST,2,4,0.8762358094654668,0.440358045734178,0.0,0.9418173531716061,0.49854069256257216,0.720179022867089,0.027905726829166467
ST,3,4,0.7140561404442822,0.20185052119243288,0.0,0.7044236503600656,0.49742687083236725,0.6009252605962165,0.015245607084403229
ST,4,4,0.7956895462075191,0.34536272182488137,0.0,0.8490775604468409,0.4962851613780405,0.6726813609124407,0.021161070629708317
CST,0,8,0.8061380876875532,0.22858208839911653,0.22001968257597562,0.9754123434557729,0.2531697449433437,0.6142910441995584,0.3827212604426401
CST,1,8,0.8336833241793901,0.23641781973952697,0.16490880590045737,0.9832255462460606,0.2531922734934664,0.6182089098697635,0.5010211657628875
CST,2,8,0.9584863873083698,0.3450880192822055,0.7308210756190296,0.9771168603103751,0.3679711589718304,0.6725440096411027,0.8100544066923122
CST,3,8,0.8248387487665069,0.2369113242227585,0.47000979580812174,0.9837404206723661,0.2531709035503925,0.6184556621113794,0.48476122816845746
CST,4,8,0.8412749235272284,0.23719137775669402,0.5284392996206111,0.9839985092331222,0.25319286852357203,0.618595688878347,0.5959452571750613
NULLMODEL,0,0,0.5,0.0,0.0,1.0,0.0,0.5,0.0050146771037182
NULLMODEL,1,0,0.5,0.0,0.0,1.0,0.0,0.5,0.0050150451354062184
NULLMODEL,2,0,0.5,0.0,0.0,1.0,0.0,0.5,0.005013728064939717
NULLMODEL,3,0,0.5,0.0,0.0,1.0,0.0,0.5,0.005015369681281347
NULLMODEL,4,0,0.5,0.0,0.0,1.0,0.0,0.5,0.005014725782058425
