model,variable,bin_center,ale_mean,ale_lower95,ale_upper95,n_support,percentile_region
maxent,bio02,7.3737841999530795,0.004976832586788174,0.00970250210138741,0.014879551563231187,220,central
random_forest,bio02,7.3737841999530795,0.01506593949918411,0.00970250210138741,0.014879551563231187,220,central
xgboost,bio02,7.3737841999530795,0.01481742225124688,0.00970250210138741,0.014879551563231187,220,central
brt,bio02,7.3737841999530795,0.011277725272920489,0.00970250210138741,0.014879551563231187,220,central
maxent,bio02,7.734520076513291,0.004976832586788174,0.00830089075113708,0.01268923367785041,235,central
random_forest,bio02,7.734520076513291,0.012868255013047027,0.00830089075113708,0.01268923367785041,235,central
xgboost,bio02,7.734520076513291,0.012629559899451538,0.00830089075113708,0.01268923367785041,235,central
brt,bio02,7.734520076513291,0.009408910139253381,0.00830089075113708,0.01268923367785041,235,central
maxent,bio02,8.0952559530735,0.004976832586788174,0.02769116334163564,0.05740008921177506,213,central
random_forest,bio02,8.0952559530735,0.05877506588577801,0.02769116334163564,0.05740008921177506,213,central
xgboost,bio02,8.0952559530735,0.05694176365377407,0.02769116334163564,0.05740008921177506,213,central
brt,bio02,8.0952559530735,0.0352626069265848,0.02769116334163564,0.05740008921177506,213,central
maxent,bio02,8.455991829633714,0.004976832586788174,0.026101119048045567,0.05594514985736509,148,central
random_forest,bio02,8.455991829633714,0.057531545684718466,0.026101119048045567,0.05594514985736509,148,central
xgboost,bio02,8.455991829633714,0.05541635124824729,0.026101119048045567,0.05594514985736509,148,central
brt,bio02,8.455991829633714,0.0331425478684647,0.026101119048045567,0.05594514985736509,148,central
maxent,bio02,8.816727706193923,0.004976832586788174,0.030343718771528406,0.06498742699739221,122,central
random_forest,bio02,8.816727706193923,0.06682360255869432,0.030343718771528406,0.06498742699739221,122,central
xgboost,bio02,8.816727706193923,0.06437536847695818,0.030343718771528406,0.06498742699739221,122,central
brt,bio02,8.816727706193923,0.03879934749977515,0.030343718771528406,0.06498742699739221,122,central
maxent,bio02,9.177463582754136,0.004976832586788173,0.030787579635843415,0.0755569356358359,109,central
random_forest,bio02,9.177463582754136,0.07854735641864917,0.030787579635843415,0.0755569356358359,109,central
xgboost,bio02,9.177463582754136,0.07456012870823148,0.030787579635843415,0.0755569356358359,109,central
brt,bio02,9.177463582754136,0.03939116198552849,0.030787579635843415,0.0755569356358359,109,central
maxent,bio02,9.538199459314345,0.004976832586788173,0.05205039703084903,0.11581424042005428,118,central
random_forest,bio02,9.538199459314345,0.11911537230420632,0.05205039703084903,0.11581424042005428,118,central
xgboost,bio02,9.538199459314345,0.11471386312533693,0.05205039703084903,0.11581424042005428,118,central
brt,bio02,9.538199459314345,0.06774158517886932,0.05205039703084903,0.11581424042005428,118,central
maxent,bio02,9.898935335874558,0.004976832586788173,0.021279295623583997,0.04944754151734825,135,central
random_forest,bio02,9.898935335874558,0.05142755558071714,0.021279295623583997,0.04944754151734825,135,central
xgboost,bio02,9.898935335874558,0.04878753682955862,0.021279295623583997,0.04944754151734825,135,central
brt,bio02,9.898935335874558,0.026713449969182606,0.021279295623583997,0.04944754151734825,135,central
maxent,bio02,10.259671212434768,0.004976832586788173,0.028065103048573986,0.07288735426811986,167,central
random_forest,bio02,10.259671212434768,0.07542261255364172,0.028065103048573986,0.07288735426811986,167,central
xgboost,bio02,10.259671212434768,0.07204226817294591,0.028065103048573986,0.07288735426811986,167,central
brt,bio02,10.259671212434768,0.03576119320250259,0.028065103048573986,0.07288735426811986,167,central
maxent,bio02,10.62040708899498,0.004976832586788174,0.025278380434845392,0.06592407469717655,235,central
random_forest,bio02,10.62040708899498,0.0679930057273008,0.025278380434845392,0.06592407469717655,235,central
xgboost,bio02,10.62040708899498,0.06523443102046847,0.025278380434845392,0.06592407469717655,235,central
brt,bio02,10.62040708899498,0.032045563050864465,0.025278380434845392,0.06592407469717655,235,central
maxent,bio02,10.98114296555519,0.004976832586788174,0.012074233447092726,0.024134896170469107,244,central
random_forest,bio02,10.98114296555519,0.024783898208165494,0.012074233447092726,0.024134896170469107,244,central
xgboost,bio02,10.98114296555519,0.023918562157903646,0.012074233447092726,0.024134896170469107,244,central
brt,bio02,10.98114296555519,0.01444003373386091,0.012074233447092726,0.024134896170469107,244,central
maxent,bio02,11.341878842115403,0.004976832586788174,0.011545625019463344,0.023882769580847975,305,central
random_forest,bio02,11.341878842115403,0.024528119525596772,0.011545625019463344,0.023882769580847975,305,central
xgboost,bio02,11.341878842115403,0.023667652932598378,0.011545625019463344,0.023882769580847975,305,central
brt,bio02,11.341878842115403,0.013735222497021735,0.011545625019463344,0.023882769580847975,305,central
maxent,bio02,11.702614718675612,0.004976832586788174,0.01711454380429713,0.03875601839605379,440,central
random_forest,bio02,11.702614718675612,0.039444906141058715,0.01711454380429713,0.03875601839605379,440,central
xgboost,bio02,11.702614718675612,0.03852638914771881,0.01711454380429713,0.03875601839605379,440,central
brt,bio02,11.702614718675612,0.02116044754346678,0.01711454380429713,0.03875601839605379,440,central
maxent,bio02,12.063350595235825,0.004976832586788174,0.018561394454926508,0.0387001723776249,434,central
random_forest,bio02,12.063350595235825,0.03973282895641794,0.018561394454926508,0.0387001723776249,434,central
xgboost,bio02,12.063350595235825,0.038355953518027223,0.018561394454926508,0.0387001723776249,434,central
brt,bio02,12.063350595235825,0.023089581744305955,0.018561394454926508,0.0387001723776249,434,central
maxent,bio02,12.424086471796034,0.004976832586788174,0.011381597503281916,0.024915751665347912,416,central
random_forest,bio02,12.424086471796034,0.025607783491484484,0.011381597503281916,0.024915751665347912,416,central
xgboost,bio02,12.424086471796034,0.024685074389969055,0.011381597503281916,0.024915751665347912,416,central
brt,bio02,12.424086471796034,0.013516519142113163,0.011381597503281916,0.024915751665347912,416,central
maxent,bio02,12.784822348356247,0.004976832586788174,0.014898050385974889,0.029608166333662863,392,central
random_forest,bio02,12.784822348356247,0.030381684837073018,0.014898050385974889,0.029608166333662863,392,central
xgboost,bio02,12.784822348356247,0.029350326832526145,0.014898050385974889,0.029608166333662863,392,central
brt,bio02,12.784822348356247,0.018205122985703794,0.014898050385974889,0.029608166333662863,392,central
maxent,bio02,13.145558224916456,0.004976832586788174,0.02307935198038143,0.04721725624453539,240,central
random_forest,bio02,13.145558224916456,0.04854345403674207,0.02307935198038143,0.04721725624453539,240,central
xgboost,bio02,13.145558224916456,0.046775190313799835,0.02307935198038143,0.04721725624453539,240,central
brt,bio02,13.145558224916456,0.02911352511157918,0.02307935198038143,0.04721725624453539,240,central
maxent,bio02,13.50629410147667,0.004976832586788173,0.022209899427369482,0.04565740684441945,204,central
random_forest,bio02,13.50629410147667,0.04692130115040176,0.022209899427369482,0.04565740684441945,204,central
xgboost,bio02,13.50629410147667,0.04523610874242534,0.022209899427369482,0.04565740684441945,204,central
brt,bio02,13.50629410147667,0.027954255040896585,0.022209899427369482,0.04565740684441945,204,central
maxent,bio02,13.867029978036879,0.004976832586788174,0.01734467372535685,0.03489744393381608,184,central
random_forest,bio02,13.867029978036879,0.035843336077104784,0.01734467372535685,0.03489744393381608,184,central
xgboost,bio02,13.867029978036879,0.03458214655271984,0.01734467372535685,0.03489744393381608,184,central
brt,bio02,13.867029978036879,0.021467287438213075,0.01734467372535685,0.03489744393381608,184,central
maxent,bio02,14.227765854597092,0.004976832586788174,0.02156146801044531,0.0502559638945074,165,central
random_forest,bio02,14.227765854597092,0.05146648441426481,0.02156146801044531,0.0502559638945074,165,central
xgboost,bio02,14.227765854597092,0.04985245705458826,0.02156146801044531,0.0502559638945074,165,central
brt,bio02,14.227765854597092,0.027089679818331026,0.02156146801044531,0.0502559638945074,165,central
maxent,bio03,21.287904324531553,0.004976832586788173,0.009003138354220253,0.020798908632233347,135,central
random_forest,bio03,21.287904324531553,0.021413043222559294,0.009003138354220253,0.020798908632233347,135,central
xgboost,bio03,21.287904324531553,0.020594197102124696,0.009003138354220253,0.020798908632233347,135,central
brt,bio03,21.287904324531553,0.010345240276697613,0.009003138354220253,0.020798908632233347,135,central
maxent,bio03,21.881803793907167,0.004976832586788173,0.006715055145889336,0.011616985123149647,199,central
random_forest,bio03,21.881803793907167,0.012326917162094933,0.006715055145889336,0.011616985123149647,199,central
xgboost,bio03,21.881803793907167,0.011380341110167884,0.006715055145889336,0.011616985123149647,199,central
brt,bio03,21.881803793907167,0.007294462665589724,0.006715055145889336,0.011616985123149647,199,central
maxent,bio03,22.475703263282774,0.004976832586788174,0.004025254223124257,0.004547727116099065,284,central
random_forest,bio03,22.475703263282774,0.004404691959202695,0.004025254223124257,0.004547727116099065,284,central
xgboost,bio03,22.475703263282774,0.0040661552474407555,0.004025254223124257,0.004547727116099065,284,central
brt,bio03,22.475703263282774,0.003902551150174759,0.004025254223124257,0.004547727116099065,284,central
maxent,bio03,23.069602732658385,0.004976832586788173,0.006195234155223479,0.011150364201780914,343,central
random_forest,bio03,23.069602732658385,0.011410158040920224,0.006195234155223479,0.011150364201780914,343,central
xgboost,bio03,23.069602732658385,0.011063766255401144,0.006195234155223479,0.011150364201780914,343,central
brt,bio03,23.069602732658385,0.00660136801136858,0.006195234155223479,0.011150364201780914,343,central
maxent,bio03,23.663502202033996,0.004976832586788174,0.005852759934484256,0.009169921019982253,349,central
random_forest,bio03,23.663502202033996,0.00939969800016977,0.005852759934484256,0.009169921019982253,349,central
xgboost,bio03,23.663502202033996,0.00909332869325308,0.005852759934484256,0.009169921019982253,349,central
brt,bio03,23.663502202033996,0.006144735717049617,0.005852759934484256,0.009169921019982253,349,central
maxent,bio03,24.257401671409603,0.004976832586788174,0.005601142374377132,0.00900640200869666,359,central
random_forest,bio03,24.257401671409603,0.009196656488242605,0.005601142374377132,0.00900640200869666,359,central
xgboost,bio03,24.257401671409603,0.00894298384884801,0.005601142374377132,0.00900640200869666,359,central
brt,bio03,24.257401671409603,0.005809245636906784,0.005601142374377132,0.00900640200869666,359,central
maxent,bio03,24.851301140785218,0.004976832586788174,0.008107938266924835,0.017377385805668454,453,central
random_forest,bio03,24.851301140785218,0.017881862846841227,0.008107938266924835,0.017377385805668454,453,central
xgboost,bio03,24.851301140785218,0.017209226791944195,0.008107938266924835,0.017377385805668454,453,central
brt,bio03,24.851301140785218,0.00915164016030372,0.008107938266924835,0.017377385805668454,453,central
maxent,bio03,25.445200610160825,0.004976832586788174,0.006654140076261925,0.012236300334409304,517,central
random_forest,bio03,25.445200610160825,0.012353447066076002,0.006654140076261925,0.012236300334409304,517,central
xgboost,bio03,25.445200610160825,0.012197251423853738,0.006654140076261925,0.012236300334409304,517,central
brt,bio03,25.445200610160825,0.007213242572753175,0.006654140076261925,0.012236300334409304,517,central
maxent,bio03,26.039100079536436,0.004976832586788174,0.009464848606465704,0.0223303194221858,406,central
random_forest,bio03,26.039100079536436,0.023002296451980035,0.009464848606465704,0.0223303194221858,406,central
xgboost,bio03,26.039100079536436,0.022106327078921056,0.009464848606465704,0.0223303194221858,406,central
brt,bio03,26.039100079536436,0.010960853946358214,0.009464848606465704,0.0223303194221858,406,central
maxent,bio03,26.632999548912046,0.004976832586788173,0.007342758868021469,0.015444631891634199,282,central
random_forest,bio03,26.632999548912046,0.015860005888305315,0.007342758868021469,0.015444631891634199,282,central
xgboost,bio03,26.632999548912046,0.015306173892743828,0.007342758868021469,0.015444631891634199,282,central
brt,bio03,26.632999548912046,0.008131400961765902,0.007342758868021469,0.015444631891634199,282,central
maxent,bio03,27.226899018287657,0.004976832586788174,0.00783042611148636,0.01574340432235864,230,central
random_forest,bio03,27.226899018287657,0.016168519759443188,0.00783042611148636,0.01574340432235864,230,central
xgboost,bio03,27.226899018287657,0.015601699176663788,0.00783042611148636,0.01574340432235864,230,central
brt,bio03,27.226899018287657,0.008781623953052422,0.00783042611148636,0.01574340432235864,230,central
maxent,bio03,27.820798487663268,0.004976832586788173,0.010575179831790685,0.027586980401430726,199,central
random_forest,bio03,27.820798487663268,0.0283876073208052,0.010575179831790685,0.027586980401430726,199,central
xgboost,bio03,27.820798487663268,0.027320104761639232,0.010575179831790685,0.027586980401430726,199,central
brt,bio03,27.820798487663268,0.012441295580124856,0.010575179831790685,0.027586980401430726,199,central
maxent,bio03,28.414697957038875,0.004976832586788173,0.008353200799347461,0.017170364032259033,167,central
random_forest,bio03,28.414697957038875,0.017681361551475917,0.008353200799347461,0.017170364032259033,167,central
xgboost,bio03,28.414697957038875,0.017000031525853405,0.008353200799347461,0.017170364032259033,167,central
brt,bio03,28.414697957038875,0.009478656870200558,0.008353200799347461,0.017170364032259033,167,central
maxent,bio03,29.00859742641449,0.004976832586788173,0.0068501360586269155,0.0155012392384366,141,central
random_forest,bio03,29.00859742641449,0.0160725410690019,0.0068501360586269155,0.0155012392384366,141,central
xgboost,bio03,29.00859742641449,0.015310805294914834,0.0068501360586269155,0.0155012392384366,141,central
brt,bio03,29.00859742641449,0.00747457054923983,0.0068501360586269155,0.0155012392384366,141,central
maxent,bio03,29.602496895790097,0.004976832586788174,0.00987446637242321,0.024124169326571215,115,central
random_forest,bio03,29.602496895790097,0.02491724726739505,0.00987446637242321,0.024124169326571215,115,central
xgboost,bio03,29.602496895790097,0.023859810012963268,0.00987446637242321,0.024124169326571215,115,central
brt,bio03,29.602496895790097,0.011507010967634889,0.00987446637242321,0.024124169326571215,115,central
maxent,bio03,30.196396365165707,0.004976832586788174,0.006829395104106289,0.014054895848229037,105,central
random_forest,bio03,30.196396365165707,0.014511570839177498,0.006829395104106289,0.014054895848229037,105,central
xgboost,bio03,30.196396365165707,0.013902670851246217,0.006829395104106289,0.014054895848229037,105,central
brt,bio03,30.196396365165707,0.007446915943212327,0.006829395104106289,0.014054895848229037,105,central
maxent,bio03,30.79029583454132,0.004976832586788174,0.00539092311569922,0.007538552190456319,112,central
random_forest,bio03,30.79029583454132,0.007689875357644837,0.00539092311569922,0.007538552190456319,112,central
xgboost,bio03,30.79029583454132,0.007488111134726813,0.00539092311569922,0.007538552190456319,112,central
brt,bio03,30.79029583454132,0.0055289532920029015,0.00539092311569922,0.007538552190456319,112,central
maxent,bio03,31.38419530391693,0.004976832586788174,0.0018192537879890846,0.0038355495035439858,145,central
random_forest,bio03,31.38419530391693,0.0017664601974784447,0.0018192537879890846,0.0038355495035439858,145,central
xgboost,bio03,31.38419530391693,0.0018368516514926313,0.0018192537879890846,0.0038355495035439858,145,central
brt,bio03,31.38419530391693,0.0034551218091292565,0.0018192537879890846,0.0038355495035439858,145,central
maxent,bio03,31.978094773292536,0.004976832586788173,0.0018261227849045915,0.0038187738835947244,110,central
random_forest,bio03,31.978094773292536,0.0017825418902832335,0.0018261227849045915,0.0038187738835947244,110,central
xgboost,bio03,31.978094773292536,0.0018406497497783776,0.0018261227849045915,0.0038187738835947244,110,central
brt,bio03,31.978094773292536,0.0034327543158635745,0.0018261227849045915,0.0038187738835947244,110,central
maxent,bio03,32.57199424266815,0.004976832586788173,0.001819239757831628,0.0039258609795312874,75,central
random_forest,bio03,32.57199424266815,0.0017660180307012053,0.001819239757831628,0.0039258609795312874,75,central
xgboost,bio03,32.57199424266815,0.0018369803335417689,0.001819239757831628,0.0039258609795312874,75,central
brt,bio03,32.57199424266815,0.0035755371104456584,0.001819239757831628,0.0039258609795312874,75,central
maxent,bio05,21.953080301284793,0.004976832586788174,0.031952656236604184,0.06643024030610571,104,central
random_forest,bio05,21.953080301284793,0.06798482768302958,0.031952656236604184,0.06643024030610571,104,central
xgboost,bio05,21.953080301284793,0.06591204451379776,0.031952656236604184,0.06643024030610571,104,central
brt,bio05,21.953080301284793,0.04094459745320952,0.031952656236604184,0.06643024030610571,104,central
maxent,bio05,22.44604033470154,0.004976832586788173,0.023161690128790373,0.05712767416668813,110,central
random_forest,bio05,22.44604033470154,0.05878626478893672,0.023161690128790373,0.05712767416668813,110,central
xgboost,bio05,22.44604033470154,0.0565748106259386,0.023161690128790373,0.05712767416668813,110,central
brt,bio05,22.44604033470154,0.029223309309457775,0.023161690128790373,0.05712767416668813,110,central
maxent,bio05,22.939000368118286,0.004976832586788174,0.025153837041243583,0.05521492520063552,138,central
random_forest,bio05,22.939000368118286,0.05682524038468536,0.025153837041243583,0.05521492520063552,138,central
xgboost,bio05,22.939000368118286,0.0546781534726189,0.025153837041243583,0.05521492520063552,138,central
brt,bio05,22.939000368118286,0.03187950519272872,0.025153837041243583,0.05521492520063552,138,central
maxent,bio05,23.431960401535036,0.004976832586788173,0.04028660695370727,0.09436626224969197,135,central
random_forest,bio05,23.431960401535036,0.0971387763931213,0.04028660695370727,0.09436626224969197,135,central
xgboost,bio05,23.431960401535036,0.09344209086854885,0.04028660695370727,0.09436626224969197,135,central
brt,bio05,23.431960401535036,0.052056531742680295,0.04028660695370727,0.09436626224969197,135,central
maxent,bio05,23.924920434951783,0.004976832586788173,0.021791824134178496,0.05338354923796673,174,central
random_forest,bio05,23.924920434951783,0.05505692692720379,0.021791824134178496,0.05338354923796673,174,central
xgboost,bio05,23.924920434951783,0.05282575667488772,0.021791824134178496,0.05338354923796673,174,central
brt,bio05,23.924920434951783,0.027396821316641937,0.021791824134178496,0.05338354923796673,174,central
maxent,bio05,24.41788046836853,0.004976832586788174,0.0187642709932379,0.04857632022015787,219,central
random_forest,bio05,24.41788046836853,0.05026746392503771,0.0187642709932379,0.04857632022015787,219,central
xgboost,bio05,24.41788046836853,0.04801260565186459,0.0187642709932379,0.04857632022015787,219,central
brt,bio05,24.41788046836853,0.023360083795387808,0.0187642709932379,0.04857632022015787,219,central
maxent,bio05,24.91084050178528,0.004976832586788174,0.017224832830830858,0.0418464068024435,208,central
random_forest,bio05,24.91084050178528,0.0430422800424956,0.017224832830830858,0.0418464068024435,208,central
xgboost,bio05,24.91084050178528,0.04144778238909281,0.017224832830830858,0.0418464068024435,208,central
brt,bio05,24.91084050178528,0.021307499578845087,0.017224832830830858,0.0418464068024435,208,central
maxent,bio05,25.403800535202027,0.004976832586788174,0.010466993322801661,0.020159643104926416,245,central
random_forest,bio05,25.403800535202027,0.020724560627839606,0.010466993322801661,0.020159643104926416,245,central
xgboost,bio05,25.403800535202027,0.019971337263955353,0.010466993322801661,0.020159643104926416,245,central
brt,bio05,25.403800535202027,0.012297046901472822,0.010466993322801661,0.020159643104926416,245,central
maxent,bio05,25.896760568618774,0.004976832586788173,0.01831779744532926,0.039449556160499354,332,central
random_forest,bio05,25.896760568618774,0.040550934009547186,0.01831779744532926,0.039449556160499354,332,central
xgboost,bio05,25.896760568618774,0.03908243021081674,0.01831779744532926,0.039449556160499354,332,central
brt,bio05,25.896760568618774,0.022764785731509623,0.01831779744532926,0.039449556160499354,332,central
maxent,bio05,26.389720602035524,0.004976832586788175,0.017290702620875197,0.0363213070564056,424,central
random_forest,bio05,26.389720602035524,0.0372828653850212,0.017290702620875197,0.0363213070564056,424,central
xgboost,bio05,26.389720602035524,0.03600078761353373,0.017290702620875197,0.0363213070564056,424,central
brt,bio05,26.389720602035524,0.021395325965570873,0.017290702620875197,0.0363213070564056,424,central
maxent,bio05,26.882680635452274,0.004976832586788174,0.018826283116930066,0.04063431342178914,482,central
random_forest,bio05,26.882680635452274,0.041808042436330364,0.018826283116930066,0.04063431342178914,482,central
xgboost,bio05,26.882680635452274,0.04024307041694206,0.018826283116930066,0.04063431342178914,482,central
brt,bio05,26.882680635452274,0.023442766626977363,0.018826283116930066,0.04063431342178914,482,central
maxent,bio05,27.375640668869018,0.004976832586788174,0.011239996397328108,0.025271984478278938,437,central
random_forest,bio05,27.375640668869018,0.025978466740807084,0.011239996397328108,0.025271984478278938,437,central
xgboost,bio05,27.375640668869018,0.025036490390769557,0.011239996397328108,0.025271984478278938,437,central
brt,bio05,27.375640668869018,0.013327717667508086,0.011239996397328108,0.025271984478278938,437,central
maxent,bio05,27.868600702285768,0.004976832586788174,0.01260572326985578,0.022698960394523415,353,central
random_forest,bio05,27.868600702285768,0.02327071546013658,0.01260572326985578,0.022698960394523415,353,central
xgboost,bio05,27.868600702285768,0.02250837537265236,0.01260572326985578,0.022698960394523415,353,central
brt,bio05,27.868600702285768,0.015148686830878316,0.01260572326985578,0.022698960394523415,353,central
maxent,bio05,28.36156073570252,0.004976832586788173,0.01007552214529098,0.02322492440792327,300,central
random_forest,bio05,28.36156073570252,0.023845814481876046,0.01007552214529098,0.02322492440792327,300,central
xgboost,bio05,28.36156073570252,0.02301796104993901,0.01007552214529098,0.02322492440792327,300,central
brt,bio05,28.36156073570252,0.011775085331458582,0.01007552214529098,0.02322492440792327,300,central
maxent,bio05,28.85452076911926,0.004976832586788174,0.016938323602906556,0.035277895232293216,249,central
random_forest,bio05,28.85452076911926,0.036218358320375045,0.016938323602906556,0.035277895232293216,249,central
xgboost,bio05,28.85452076911926,0.03496440753626594,0.016938323602906556,0.035277895232293216,249,central
brt,bio05,28.85452076911926,0.020925487274946017,0.016938323602906556,0.035277895232293216,249,central
maxent,bio05,29.347480802536012,0.004976832586788174,0.011051768765515682,0.02644622858358247,234,central
random_forest,bio05,29.347480802536012,0.027104324866424015,0.011051768765515682,0.02644622858358247,234,central
xgboost,bio05,29.347480802536012,0.02622686315596862,0.011051768765515682,0.02644622858358247,234,central
brt,bio05,29.347480802536012,0.013076747491758186,0.011051768765515682,0.02644622858358247,234,central
maxent,bio05,29.840440835952762,0.004976832586788174,0.010038946455125083,0.01716013159287105,188,central
random_forest,bio05,29.840440835952762,0.017556325447986083,0.010038946455125083,0.01716013159287105,188,central
xgboost,bio05,29.840440835952762,0.01702806697449937,0.010038946455125083,0.01716013159287105,188,central
brt,bio05,29.840440835952762,0.01172631774457072,0.010038946455125083,0.01716013159287105,188,central
maxent,bio05,30.333400869369505,0.004976832586788173,0.01964135173240624,0.045168291835985835,133,central
random_forest,bio05,30.333400869369505,0.04633630626433046,0.01964135173240624,0.045168291835985835,133,central
xgboost,bio05,30.333400869369505,0.04477895369320429,0.01964135173240624,0.045168291835985835,133,central
brt,bio05,30.333400869369505,0.024529524780945597,0.01964135173240624,0.045168291835985835,133,central
maxent,bio05,30.826360902786256,0.004976832586788174,0.015803739231238987,0.03448793663243101,137,central
random_forest,bio05,30.826360902786256,0.03521883118174157,0.015803739231238987,0.03448793663243101,137,central
xgboost,bio05,30.826360902786256,0.03424430511599415,0.015803739231238987,0.03448793663243101,137,central
brt,bio05,30.826360902786256,0.019412708112722592,0.015803739231238987,0.03448793663243101,137,central
maxent,bio05,31.319320936203006,0.004976832586788173,0.025359709168209295,0.05606427714425162,124,central
random_forest,bio05,31.319320936203006,0.05755133934582,0.025359709168209295,0.05606427714425162,124,central
xgboost,bio05,31.319320936203006,0.05556858974372882,0.025359709168209295,0.05606427714425162,124,central
brt,bio05,31.319320936203006,0.032154001362016335,0.025359709168209295,0.05606427714425162,124,central
maxent,bio15,35.31293225765228,0.004976832586788174,0.04373002503364607,0.09789530694585931,120,central
random_forest,bio15,35.31293225765228,0.10049433289467792,0.04373002503364607,0.09789530694585931,120,central
xgboost,bio15,35.31293225765228,0.09702896496291977,0.04373002503364607,0.09789530694585931,120,central
brt,bio15,35.31293225765228,0.05664775584926537,0.04373002503364607,0.09789530694585931,120,central
maxent,bio15,39.65854355335235,0.004976832586788173,0.042664475093027426,0.0958583088062202,92,central
random_forest,bio15,39.65854355335235,0.09854019990415033,0.042664475093027426,0.0958583088062202,92,central
xgboost,bio15,39.65854355335235,0.09496434510691015,0.042664475093027426,0.0958583088062202,92,central
brt,bio15,39.65854355335235,0.05522702259510718,0.042664475093027426,0.0958583088062202,92,central
maxent,bio15,44.004154849052426,0.004976832586788172,0.04366181735002952,0.09484612419926668,62,central
random_forest,bio15,44.004154849052426,0.09749961117649157,0.04366181735002952,0.09484612419926668,62,central
xgboost,bio15,44.004154849052426,0.09396162854019172,0.04366181735002952,0.09484612419926668,62,central
brt,bio15,44.004154849052426,0.056556812271109966,0.04366181735002952,0.09484612419926668,62,central
maxent,bio15,48.34976614475249,0.004976832586788174,0.016012349754223044,0.030089928721701423,170,central
random_forest,bio15,48.34976614475249,0.03085539240794683,0.016012349754223044,0.030089928721701423,170,central
xgboost,bio15,48.34976614475249,0.029834774159619618,0.016012349754223044,0.030089928721701423,170,central
brt,bio15,48.34976614475249,0.019690855476701335,0.016012349754223044,0.030089928721701423,170,central
maxent,bio15,52.695377440452575,0.004976832586788173,0.012270665421217353,0.02371658912820994,117,central
random_forest,bio15,52.695377440452575,0.024298753853153627,0.012270665421217353,0.02371658912820994,117,central
xgboost,bio15,52.695377440452575,0.023522534219895374,0.012270665421217353,0.02371658912820994,117,central
brt,bio15,52.695377440452575,0.014701943032693746,0.012270665421217353,0.02371658912820994,117,central
maxent,bio15,57.04098873615264,0.004976832586788174,0.01946920643824898,0.03357108097350435,121,central
random_forest,bio15,57.04098873615264,0.03437581905816717,0.01946920643824898,0.03357108097350435,121,central
xgboost,bio15,57.04098873615264,0.03330283494528341,0.01946920643824898,0.03357108097350435,121,central
brt,bio15,57.04098873615264,0.024299997722069252,0.01946920643824898,0.03357108097350435,121,central
maxent,bio15,61.386600031852716,0.004976832586788174,0.009805109570018228,0.01546981735239495,258,central
random_forest,bio15,61.386600031852716,0.01580594622875879,0.009805109570018228,0.01546981735239495,258,central
xgboost,bio15,61.386600031852716,0.015357774393607002,0.009805109570018228,0.01546981735239495,258,central
brt,bio15,61.386600031852716,0.011414535231094912,0.009805109570018228,0.01546981735239495,258,central
maxent,bio15,65.73221132755279,0.004976832586788174,0.015453908690075114,0.0399661399138292,294,central
random_forest,bio15,65.73221132755279,0.041205325582628446,0.015453908690075114,0.0399661399138292,294,central
xgboost,bio15,65.73221132755279,0.03955307802422945,0.015453908690075114,0.0399661399138292,294,central
brt,bio15,65.73221132755279,0.01894626739117076,0.015453908690075114,0.0399661399138292,294,central
maxent,bio15,70.07782262325286,0.004976832586788174,0.01883234716382702,0.053188770688109004,267,central
random_forest,bio15,70.07782262325286,0.05454899655487875,0.01883234716382702,0.053188770688109004,267,central
xgboost,bio15,70.07782262325286,0.05273536206585242,0.01883234716382702,0.053188770688109004,267,central
brt,bio15,70.07782262325286,0.02345085202283997,0.01883234716382702,0.053188770688109004,267,central
maxent,bio15,74.42343391895294,0.004976832586788173,0.020270704785004257,0.050730770640713595,190,central
random_forest,bio15,74.42343391895294,0.05227295151377575,0.020270704785004257,0.050730770640713595,190,central
xgboost,bio15,74.42343391895294,0.05021671034969288,0.020270704785004257,0.050730770640713595,190,central
brt,bio15,74.42343391895294,0.025368662184409616,0.020270704785004257,0.050730770640713595,190,central
maxent,bio15,78.769045214653,0.004976832586788174,0.025133034057871817,0.0651347853262061,198,central
random_forest,bio15,78.769045214653,0.06771434615158425,0.025133034057871817,0.0651347853262061,198,central
xgboost,bio15,78.769045214653,0.06427493171774672,0.025133034057871817,0.0651347853262061,198,central
brt,bio15,78.769045214653,0.031851767881566365,0.025133034057871817,0.0651347853262061,198,central
maxent,bio15,83.11465651035307,0.004976832586788173,0.02919141124844615,0.07405122119375254,204,central
random_forest,bio15,83.11465651035307,0.07626599020877911,0.02919141124844615,0.07405122119375254,204,central
xgboost,bio15,83.11465651035307,0.07331296485541036,0.02919141124844615,0.07405122119375254,204,central
brt,bio15,83.11465651035307,0.03726293746899881,0.02919141124844615,0.07405122119375254,204,central
maxent,bio15,87.46026780605315,0.004976832586788174,0.009387152686102782,0.020643136686761918,289,central
random_forest,bio15,87.46026780605315,0.021185213585143938,0.009387152686102782,0.020643136686761918,289,central
xgboost,bio15,87.46026780605315,0.020462444387301243,0.009387152686102782,0.020643136686761918,289,central
brt,bio15,87.46026780605315,0.010857259385874316,0.009387152686102782,0.020643136686761918,289,central
maxent,bio15,91.80587910175322,0.004976832586788175,0.0062912816003190646,0.010630378466913237,510,central
random_forest,bio15,91.80587910175322,0.010828720547240846,0.0062912816003190646,0.010630378466913237,510,central
xgboost,bio15,91.80587910175322,0.010564264440137366,0.0062912816003190646,0.010630378466913237,510,central
brt,bio15,91.80587910175322,0.006729431271496027,0.0062912816003190646,0.010630378466913237,510,central
maxent,bio15,96.15149039745329,0.004976832586788174,0.006237944302111985,0.010038859445335339,506,central
random_forest,bio15,96.15149039745329,0.010237759684374324,0.006237944302111985,0.010038859445335339,506,central
xgboost,bio15,96.15149039745329,0.009972559365655677,0.006237944302111985,0.010038859445335339,506,central
brt,bio15,96.15149039745329,0.006658314873886588,0.006237944302111985,0.010038859445335339,506,central
maxent,bio15,100.49710169315337,0.004976832586788174,0.00683747393819451,0.012710516469269902,470,central
random_forest,bio15,100.49710169315337,0.013007611536123845,0.00683747393819451,0.012710516469269902,470,central
xgboost,bio15,100.49710169315337,0.012611484780318587,0.00683747393819451,0.012710516469269902,470,central
brt,bio15,100.49710169315337,0.007457687721996622,0.00683747393819451,0.012710516469269902,470,central
maxent,bio15,104.84271298885344,0.004976832586788174,0.0035756815722148352,0.003997569974833498,365,central
random_forest,bio15,104.84271298885344,0.003577282097602377,0.0035756815722148352,0.003997569974833498,365,central
xgboost,bio15,104.84271298885344,0.0035708799960522102,0.0035756815722148352,0.003997569974833498,365,central
brt,bio15,104.84271298885344,0.00367114910418194,0.0035756815722148352,0.003997569974833498,365,central
maxent,bio15,109.1883242845535,0.004976832586788174,0.014334626978917832,0.02295742736544485,181,central
random_forest,bio15,109.1883242845535,0.02343519924917754,0.014334626978917832,0.02295742736544485,181,central
xgboost,bio15,109.1883242845535,0.022798170070867287,0.014334626978917832,0.02295742736544485,181,central
brt,bio15,109.1883242845535,0.017453891776294386,0.014334626978917832,0.02295742736544485,181,central
maxent,bio15,113.53393558025358,0.004976832586788174,0.014750509833839595,0.0237388369196035,130,central
random_forest,bio15,113.53393558025358,0.0242827017999995,0.014750509833839595,0.0237388369196035,130,central
xgboost,bio15,113.53393558025358,0.023557548626138167,0.014750509833839595,0.0237388369196035,130,central
brt,bio15,113.53393558025358,0.0180084022495234,0.014750509833839595,0.0237388369196035,130,central
maxent,bio15,117.87954687595366,0.004976832586788173,0.0018190986094588902,0.003352646703305031,182,central
random_forest,bio15,117.87954687595366,0.0017674346064365514,0.0018190986094588902,0.003352646703305031,182,central
xgboost,bio15,117.87954687595366,0.0018363199437996698,0.0018190986094588902,0.003352646703305031,182,central
brt,bio15,117.87954687595366,0.00281125140881065,0.0018190986094588902,0.003352646703305031,182,central
maxent,clay,0.7675368070602417,0.005722125027712106,0.08122656221848043,0.18121886983504676,880,central
random_forest,clay,0.7675368070602417,0.18622608049026534,0.08122656221848043,0.18121886983504676,880,central
xgboost,clay,0.7675368070602417,0.17954979961664055,0.08122656221848043,0.18121886983504676,880,central
brt,clay,0.7675368070602417,0.10639470794873654,0.08122656221848043,0.18121886983504676,880,central
maxent,clay,3.837684035301209,0.004976832586788174,0.0018329336868941402,0.004142021153931468,13,central
random_forest,clay,3.837684035301209,0.0018070601763978623,0.0018329336868941402,0.004142021153931468,13,central
xgboost,clay,3.837684035301209,0.0018415581903928997,0.0018329336868941402,0.004142021153931468,13,central
brt,clay,3.837684035301209,0.0038637506763125667,0.0018329336868941402,0.004142021153931468,13,central
maxent,clay,6.9078312635421755,0.004976832586788174,0.0018351262844081115,0.004469740362962472,11,central
random_forest,clay,6.9078312635421755,0.001788506832206988,0.0018351262844081115,0.004469740362962472,11,central
xgboost,clay,6.9078312635421755,0.0018506661018084858,0.0018351262844081115,0.004469740362962472,11,central
brt,clay,6.9078312635421755,0.004300709621687239,0.0018351262844081115,0.004469740362962472,11,central
maxent,clay,8.44290487766266,0.004976832586788174,0.0018305155510249243,0.00434040787789331,17,central
random_forest,clay,8.44290487766266,0.0018091357844656865,0.0018305155510249243,0.00434040787789331,17,central
xgboost,clay,8.44290487766266,0.0018376421398780035,0.0018305155510249243,0.00434040787789331,17,central
brt,clay,8.44290487766266,0.004128266308261689,0.0018305155510249243,0.00434040787789331,17,central
maxent,clay,9.977978491783144,0.004976832586788174,0.0018188917556673156,0.003907306535028732,10,central
random_forest,clay,9.977978491783144,0.001763293671559302,0.0018188917556673156,0.003907306535028732,10,central
xgboost,clay,9.977978491783144,0.0018374244503699868,0.0018188917556673156,0.003907306535028732,10,central
brt,clay,9.977978491783144,0.0035507978511089187,0.0018188917556673156,0.003907306535028732,10,central
maxent,clay,11.513052105903625,0.004976832586788174,0.0018205948890406983,0.00391584502708779,21,central
random_forest,clay,11.513052105903625,0.0017689942607432424,0.0018205948890406983,0.00391584502708779,21,central
xgboost,clay,11.513052105903625,0.0018377950984731835,0.0018205948890406983,0.00391584502708779,21,central
brt,clay,11.513052105903625,0.0035621825071876618,0.0018205948890406983,0.00391584502708779,21,central
maxent,clay,13.04812572002411,0.004976832586788174,0.001821370765828484,0.003896073469732522,20,central
random_forest,clay,13.04812572002411,0.0017709120042733646,0.001821370765828484,0.003896073469732522,20,central
xgboost,clay,13.04812572002411,0.001838190353013524,0.001821370765828484,0.003896073469732522,20,central
brt,clay,13.04812572002411,0.0035358204307139713,0.001821370765828484,0.003896073469732522,20,central
maxent,clay,14.583199334144592,0.0049768325867881715,0.0018243680407273913,0.0035190045715739107,39,central
random_forest,clay,14.583199334144592,0.001781955629014701,0.0018243680407273913,0.0035190045715739107,39,central
xgboost,clay,14.583199334144592,0.001838505511298288,0.0018243680407273913,0.0035190045715739107,39,central
brt,clay,14.583199334144592,0.0030330618998358236,0.0018243680407273913,0.0035190045715739107,39,central
maxent,clay,16.118272948265076,0.004976832586788174,0.0018196713682445734,0.003559118404873404,88,central
random_forest,clay,16.118272948265076,0.0017680161726434606,0.0018196713682445734,0.003559118404873404,88,central
xgboost,clay,16.118272948265076,0.0018368897667782776,0.0018196713682445734,0.003559118404873404,88,central
brt,clay,16.118272948265076,0.0030865470109018136,0.0018196713682445734,0.003559118404873404,88,central
maxent,clay,17.65334656238556,0.004976832586788174,0.005007927180176125,0.006421584870626773,278,central
random_forest,clay,17.65334656238556,0.006509516788501891,0.005007927180176125,0.006421584870626773,278,central
xgboost,clay,17.65334656238556,0.006392274231335067,0.005007927180176125,0.006421584870626773,278,central
brt,clay,17.65334656238556,0.005018292044638774,0.005007927180176125,0.006421584870626773,278,central
maxent,clay,19.188420176506042,0.004976832586788173,0.005938817599753717,0.009977388737377732,471,central
random_forest,clay,19.188420176506042,0.010206993174110312,0.005938817599753717,0.009977388737377732,471,central
xgboost,clay,19.188420176506042,0.009900853925133539,0.005938817599753717,0.009977388737377732,471,central
brt,clay,19.188420176506042,0.006259479270742232,0.005938817599753717,0.009977388737377732,471,central
maxent,clay,20.723493790626527,0.004976832586788174,0.007499814335234011,0.01602710891308317,586,central
random_forest,clay,20.723493790626527,0.016467770204394955,0.007499814335234011,0.01602710891308317,586,central
xgboost,clay,20.723493790626527,0.01588022181597924,0.007499814335234011,0.01602710891308317,586,central
brt,clay,20.723493790626527,0.008340808251382623,0.007499814335234011,0.01602710891308317,586,central
maxent,clay,22.258567404747012,0.004976832586788174,0.00881477836483419,0.021071375170902563,412,central
random_forest,clay,22.258567404747012,0.021304112265329248,0.00881477836483419,0.021071375170902563,412,central
xgboost,clay,22.258567404747012,0.020993796139427,0.00881477836483419,0.021071375170902563,412,central
brt,clay,22.258567404747012,0.010094093624182862,0.00881477836483419,0.021071375170902563,412,central
maxent,clay,23.793641018867493,0.004976832586788174,0.010026939382995148,0.023741908211301243,381,central
random_forest,clay,23.793641018867493,0.024649199770387663,0.010026939382995148,0.023741908211301243,381,central
xgboost,clay,23.793641018867493,0.02343947769160577,0.010026939382995148,0.023741908211301243,381,central
brt,clay,23.793641018867493,0.01171030831506414,0.010026939382995148,0.023741908211301243,381,central
maxent,clay,25.328714632987978,0.004976832586788174,0.007658639294263966,0.016024984438185372,453,central
random_forest,clay,25.328714632987978,0.01665173803544101,0.007658639294263966,0.016024984438185372,453,central
xgboost,clay,25.328714632987978,0.015816066572433493,0.007658639294263966,0.016024984438185372,453,central
brt,clay,25.328714632987978,0.008552574863422563,0.007658639294263966,0.016024984438185372,453,central
maxent,clay,26.86378824710846,0.004976832586788174,0.007584998754309097,0.016127084416587292,540,central
random_forest,clay,26.86378824710846,0.016690009585103596,0.007584998754309097,0.016127084416587292,540,central
xgboost,clay,26.86378824710846,0.015939442693748525,0.007584998754309097,0.016127084416587292,540,central
brt,clay,26.86378824710846,0.008454387476816072,0.007584998754309097,0.016127084416587292,540,central
maxent,clay,28.398861861228944,0.004976832586788174,0.007278344814741719,0.01462107090831878,501,central
random_forest,clay,28.398861861228944,0.015057197814842483,0.007278344814741719,0.01462107090831878,501,central
xgboost,clay,28.398861861228944,0.014475695272810878,0.007278344814741719,0.01462107090831878,501,central
brt,clay,28.398861861228944,0.0080455155573929,0.007278344814741719,0.01462107090831878,501,central
maxent,clay,29.93393547534943,0.004976832586788174,0.0058853165472902026,0.011558523492351872,263,central
random_forest,clay,29.93393547534943,0.011839436575291849,0.0058853165472902026,0.011558523492351872,263,central
xgboost,clay,29.93393547534943,0.011464885798038546,0.0058853165472902026,0.011558523492351872,263,central
brt,clay,29.93393547534943,0.0061881445341242115,0.0058853165472902026,0.011558523492351872,263,central
maxent,elevation,34.86317260742187,0.0054057778765285655,0.049286551631926155,0.10843052398253275,1529,central
random_forest,elevation,34.86317260742187,0.11139599843780328,0.049286551631926155,0.10843052398253275,1529,central
xgboost,elevation,34.86317260742187,0.10744203249744258,0.049286551631926155,0.10843052398253275,1529,central
brt,elevation,34.86317260742187,0.06391347621705869,0.049286551631926155,0.10843052398253275,1529,central
maxent,elevation,104.58951782226562,0.004976832586788174,0.006933149891107305,0.0138169385850988,483,central
random_forest,elevation,104.58951782226562,0.0143680416408328,0.006933149891107305,0.0138169385850988,483,central
xgboost,elevation,104.58951782226562,0.0136332375665208,0.006933149891107305,0.0138169385850988,483,central
brt,elevation,104.58951782226562,0.007585255659213682,0.006933149891107305,0.0138169385850988,483,central
maxent,elevation,174.31586303710935,0.004976832586788174,0.005637362885714671,0.008636081422237011,662,central
random_forest,elevation,174.31586303710935,0.0089450322095364,0.005637362885714671,0.008636081422237011,662,central
xgboost,elevation,174.31586303710935,0.008533097826470548,0.005637362885714671,0.008636081422237011,662,central
brt,elevation,174.31586303710935,0.005857539652023503,0.005637362885714671,0.008636081422237011,662,central
maxent,elevation,244.04220825195313,0.004976832586788174,0.01057385606049042,0.026934713296979558,358,central
random_forest,elevation,244.04220825195313,0.027947794773139342,0.01057385606049042,0.026934713296979558,358,central
xgboost,elevation,244.04220825195313,0.026597019471592966,0.01057385606049042,0.026934713296979558,358,central
brt,elevation,244.04220825195313,0.012439530551724502,0.01057385606049042,0.026934713296979558,358,central
maxent,elevation,313.76855346679685,0.004976832586788173,0.010205036053382327,0.02425717621510687,257,central
random_forest,elevation,313.76855346679685,0.024999994712922934,0.010205036053382327,0.02425717621510687,257,central
xgboost,elevation,313.76855346679685,0.024009570049168184,0.010205036053382327,0.02425717621510687,257,central
brt,elevation,313.76855346679685,0.011947770542247046,0.010205036053382327,0.02425717621510687,257,central
maxent,elevation,383.4948986816406,0.004976832586788174,0.007962509564843762,0.01771680135343566,256,central
random_forest,elevation,383.4948986816406,0.017686077111673002,0.007962509564843762,0.01771680135343566,256,central
xgboost,elevation,383.4948986816406,0.017808974078723627,0.007962509564843762,0.01771680135343566,256,central
brt,elevation,383.4948986816406,0.008957735224195625,0.007962509564843762,0.01771680135343566,256,central
maxent,elevation,453.22124389648434,0.004976832586788174,0.006947656972751503,0.013881641891148367,213,central
random_forest,elevation,453.22124389648434,0.01434439904099489,0.006947656972751503,0.013881641891148367,213,central
xgboost,elevation,453.22124389648434,0.013727389507866193,0.006947656972751503,0.013881641891148367,213,central
brt,elevation,453.22124389648434,0.007604598434739278,0.006947656972751503,0.013881641891148367,213,central
maxent,elevation,522.9475891113282,0.004976832586788174,0.009474817053173684,0.022614113226428968,185,central
random_forest,elevation,522.9475891113282,0.023249182193803987,0.009474817053173684,0.022614113226428968,185,central
xgboost,elevation,522.9475891113282,0.022402423570637296,0.009474817053173684,0.022614113226428968,185,central
brt,elevation,522.9475891113282,0.010974145208635521,0.009474817053173684,0.022614113226428968,185,central
maxent,elevation,592.6739343261718,0.004976832586788174,0.00577579368592607,0.00901801593232334,178,central
random_forest,elevation,592.6739343261718,0.00922333953727864,0.00577579368592607,0.00901801593232334,178,central
xgboost,elevation,592.6739343261718,0.008949574730671574,0.00577579368592607,0.00901801593232334,178,central
brt,elevation,592.6739343261718,0.006042114052305369,0.00577579368592607,0.00901801593232334,178,central
maxent,elevation,662.4002795410156,0.004976832586788174,0.0099170331535296,0.026927595827969247,153,central
random_forest,elevation,662.4002795410156,0.027719032706559916,0.0099170331535296,0.026927595827969247,153,central
xgboost,elevation,662.4002795410156,0.02666378353510569,0.0099170331535296,0.026927595827969247,153,central
brt,elevation,662.4002795410156,0.011563766675776741,0.0099170331535296,0.026927595827969247,153,central
maxent,elevation,732.1266247558593,0.004976832586788174,0.011661693434263161,0.03272726694390712,145,central
random_forest,elevation,732.1266247558593,0.03371929275376059,0.011661693434263161,0.03272726694390712,145,central
xgboost,elevation,732.1266247558593,0.03239659167395596,0.011661693434263161,0.03272726694390712,145,central
brt,elevation,732.1266247558593,0.01388998038342149,0.011661693434263161,0.03272726694390712,145,central
maxent,elevation,801.852969970703,0.004976832586788173,0.006110079313346715,0.008867360829408815,91,central
random_forest,elevation,801.852969970703,0.009084632668364524,0.006110079313346715,0.008867360829408815,91,central
xgboost,elevation,801.852969970703,0.008794936883090246,0.006110079313346715,0.008867360829408815,91,central
brt,elevation,801.852969970703,0.006487828222199562,0.006110079313346715,0.008867360829408815,91,central
maxent,elevation,871.5793151855469,0.004976832586788173,0.0018224310178410377,0.004028138452810895,84,central
random_forest,elevation,871.5793151855469,0.0017776467927877017,0.0018224310178410377,0.004028138452810895,84,central
xgboost,elevation,871.5793151855469,0.0018373590928588163,0.0018224310178410377,0.004028138452810895,84,central
brt,elevation,871.5793151855469,0.0037119070748184687,0.0018224310178410377,0.004028138452810895,84,central
maxent,elevation,941.3056604003906,0.004976832586788173,0.018016396379280205,0.05700003633537222,58,central
random_forest,elevation,941.3056604003906,0.05878114278572838,0.018016396379280205,0.05700003633537222,58,central
xgboost,elevation,941.3056604003906,0.0564063341852535,0.018016396379280205,0.05700003633537222,58,central
brt,elevation,941.3056604003906,0.022362917643444214,0.018016396379280205,0.05700003633537222,58,central
maxent,elevation,1011.0320056152343,0.004976832586788174,0.001818616537090269,0.003998814571080117,64,central
random_forest,elevation,1011.0320056152343,0.0017651936911822247,0.001818616537090269,0.003998814571080117,64,central
xgboost,elevation,1011.0320056152343,0.0018364241523929506,0.001818616537090269,0.003998814571080117,64,central
brt,elevation,1011.0320056152343,0.003672808565844098,0.001818616537090269,0.003998814571080117,64,central
maxent,elevation,1080.7583508300781,0.004976832586788173,0.0018237308045786138,0.004052183688588468,52,central
random_forest,elevation,1080.7583508300781,0.001782935259646357,0.0018237308045786138,0.004052183688588468,52,central
xgboost,elevation,1080.7583508300781,0.0018373293195560326,0.0018237308045786138,0.004052183688588468,52,central
brt,elevation,1080.7583508300781,0.0037439673891885663,0.0018237308045786138,0.004052183688588468,52,central
maxent,elevation,1150.4846960449217,0.004976832586788173,0.0018202571510955912,0.0038438688872437067,50,central
random_forest,elevation,1150.4846960449217,0.0017707094639162388,0.0018202571510955912,0.0038438688872437067,50,central
xgboost,elevation,1150.4846960449217,0.001836773046822042,0.0018202571510955912,0.0038438688872437067,50,central
brt,elevation,1150.4846960449217,0.0034662143207288844,0.0018202571510955912,0.0038438688872437067,50,central
maxent,elevation,1220.2110412597656,0.004976832586788174,0.0018186101946955527,0.003630826828944912,48,central
random_forest,elevation,1220.2110412597656,0.0017624802943175654,0.0018186101946955527,0.003630826828944912,48,central
xgboost,elevation,1220.2110412597656,0.001837320161488215,0.0018186101946955527,0.003630826828944912,48,central
brt,elevation,1220.2110412597656,0.003182158242997158,0.0018186101946955527,0.003630826828944912,48,central
maxent,elevation,1289.9373864746094,0.004976832586788172,0.0018191623194632833,0.0036428024114563114,54,central
random_forest,elevation,1289.9373864746094,0.0017673191027493898,0.0018191623194632833,0.0036428024114563114,54,central
xgboost,elevation,1289.9373864746094,0.001836443391701248,0.0018191623194632833,0.0036428024114563114,54,central
brt,elevation,1289.9373864746094,0.0031981256863456912,0.0018191623194632833,0.0036428024114563114,54,central
maxent,elevation,1359.663731689453,0.004976832586788173,0.001818139054186538,0.0033967608801784227,67,central
random_forest,elevation,1359.663731689453,0.00176324407386435,0.001818139054186538,0.0033967608801784227,67,central
xgboost,elevation,1359.663731689453,0.0018364373809606007,0.001818139054186538,0.0033967608801784227,67,central
brt,elevation,1359.663731689453,0.002870070311308506,0.001818139054186538,0.0033967608801784227,67,central
maxent,northness,-0.49340843923389915,0.004976832586788173,0.011795209538793004,0.03549610103370303,95,central
random_forest,northness,-0.49340843923389915,0.0365272670828188,0.011795209538793004,0.03549610103370303,95,central
xgboost,northness,-0.49340843923389915,0.0351523790173311,0.011795209538793004,0.03549610103370303,95,central
brt,northness,-0.49340843923389915,0.014068001856127946,0.011795209538793004,0.03549610103370303,95,central
maxent,northness,-0.43763146303594114,0.004976832586788174,0.008533206219025197,0.02013128321169258,140,central
random_forest,northness,-0.43763146303594114,0.02074128757418013,0.008533206219025197,0.02013128321169258,140,central
xgboost,northness,-0.43763146303594114,0.019927948424196727,0.008533206219025197,0.02013128321169258,140,central
brt,northness,-0.43763146303594114,0.009718664096437539,0.008533206219025197,0.02013128321169258,140,central
maxent,northness,-0.3818544868379832,0.004976832586788174,0.010230982879790972,0.026748821356750427,180,central
random_forest,northness,-0.3818544868379832,0.02760916364059327,0.010230982879790972,0.026748821356750427,180,central
xgboost,northness,-0.3818544868379832,0.02646204059546948,0.010230982879790972,0.026748821356750427,180,central
brt,northness,-0.3818544868379832,0.011982366310791906,0.010230982879790972,0.026748821356750427,180,central
maxent,northness,-0.3260775106400252,0.004976832586788174,0.006638129102263725,0.013855106872970943,177,central
random_forest,northness,-0.3260775106400252,0.013738246342127664,0.006638129102263725,0.013855106872970943,177,central
xgboost,northness,-0.3260775106400252,0.01420568846550078,0.006638129102263725,0.013855106872970943,177,central
brt,northness,-0.3260775106400252,0.007191894607422242,0.006638129102263725,0.013855106872970943,177,central
maxent,northness,-0.2703005344420672,0.004976832586788174,0.004814071791589558,0.004984668883863252,205,central
random_forest,northness,-0.2703005344420672,0.005008177775088485,0.004814071791589558,0.004984668883863252,205,central
xgboost,northness,-0.2703005344420672,0.0049244331417267395,0.004814071791589558,0.004984668883863252,205,central
brt,northness,-0.2703005344420672,0.004482987741178015,0.004814071791589558,0.004984668883863252,205,central
maxent,northness,-0.21452355824410924,0.004976832586788174,0.005741250144500163,0.008155370773861456,202,central
random_forest,northness,-0.21452355824410924,0.008304626027918035,0.005741250144500163,0.008155370773861456,202,central
xgboost,northness,-0.21452355824410924,0.008105619022509263,0.005741250144500163,0.008155370773861456,202,central
brt,northness,-0.21452355824410924,0.005996055997070826,0.005741250144500163,0.008155370773861456,202,central
maxent,northness,-0.15874658204615125,0.004976832586788174,0.005791441224269477,0.00969475411339418,244,central
random_forest,northness,-0.15874658204615125,0.00992127863018672,0.005791441224269477,0.00969475411339418,244,central
xgboost,northness,-0.15874658204615125,0.009619245941129999,0.005791441224269477,0.00969475411339418,244,central
brt,northness,-0.15874658204615125,0.006062977436763244,0.005791441224269477,0.00969475411339418,244,central
maxent,northness,-0.10296960584819326,0.004976832586788174,0.007246178611961413,0.013901514812312492,212,central
random_forest,northness,-0.10296960584819326,0.014269489717307574,0.007246178611961413,0.013901514812312492,212,central
xgboost,northness,-0.10296960584819326,0.013778856510647464,0.007246178611961413,0.013901514812312492,212,central
brt,northness,-0.10296960584819326,0.008002627287019158,0.007246178611961413,0.013901514812312492,212,central
maxent,northness,-0.04719262965023527,0.004976832586788174,0.00716254180756602,0.014100583074970623,262,central
random_forest,northness,-0.04719262965023527,0.014437488790056872,0.00716254180756602,0.014100583074970623,262,central
xgboost,northness,-0.04719262965023527,0.013988281169941873,0.00716254180756602,0.014100583074970623,262,central
brt,northness,-0.04719262965023527,0.007891111547825302,0.00716254180756602,0.014100583074970623,262,central
maxent,northness,0.008584346547722721,0.005561897125604463,0.06518565357088361,0.14495629107538588,1121,central
random_forest,northness,0.008584346547722721,0.14901047910482523,0.06518565357088361,0.14495629107538588,1121,central
xgboost,northness,0.008584346547722721,0.14360489506557275,0.06518565357088361,0.14495629107538588,1121,central
brt,northness,0.008584346547722721,0.08506023905264333,0.06518565357088361,0.14495629107538588,1121,central
maxent,northness,0.06436132274568068,0.004976832586788174,0.005640932912490402,0.00773629424508163,221,central
random_forest,northness,0.06436132274568068,0.008242374996912103,0.005640932912490402,0.00773629424508163,221,central
xgboost,northness,0.06436132274568068,0.007567600661138138,0.005640932912490402,0.00773629424508163,221,central
brt,northness,0.06436132274568068,0.0058622996877244786,0.005640932912490402,0.00773629424508163,221,central
maxent,northness,0.12013829894363864,0.004976832586788174,0.00770933850190911,0.016844232240902174,256,central
random_forest,northness,0.12013829894363864,0.017357501159032708,0.00770933850190911,0.016844232240902174,256,central
xgboost,northness,0.12013829894363864,0.01667314260152533,0.00770933850190911,0.016844232240902174,256,central
brt,northness,0.12013829894363864,0.008620173806949422,0.00770933850190911,0.016844232240902174,256,central
maxent,northness,0.1759152751415966,0.004976832586788174,0.005213560964395136,0.007365169862094312,231,central
random_forest,northness,0.1759152751415966,0.007507115600966634,0.005213560964395136,0.007365169862094312,231,central
xgboost,northness,0.1759152751415966,0.007317854615803538,0.005213560964395136,0.007365169862094312,231,central
brt,northness,0.1759152751415966,0.005292470423597456,0.005213560964395136,0.007365169862094312,231,central
maxent,northness,0.23169225133955462,0.004976832586788173,0.007756510443783364,0.013668225151148555,218,central
random_forest,northness,0.23169225133955462,0.014314309036882031,0.007756510443783364,0.013668225151148555,218,central
xgboost,northness,0.23169225133955462,0.013452863855904062,0.007756510443783364,0.013668225151148555,218,central
brt,northness,0.23169225133955462,0.008683069729448427,0.007756510443783364,0.013668225151148555,218,central
maxent,northness,0.28746922753751264,0.004976832586788173,0.008908912263761275,0.020041377352020114,211,central
random_forest,northness,0.28746922753751264,0.020651678270769323,0.008908912263761275,0.020041377352020114,211,central
xgboost,northness,0.28746922753751264,0.019837943712437044,0.008908912263761275,0.020041377352020114,211,central
brt,northness,0.28746922753751264,0.010219605489418975,0.008908912263761275,0.020041377352020114,211,central
maxent,northness,0.3432462037354706,0.004976832586788173,0.007723495018070155,0.01738205121334344,247,central
random_forest,northness,0.3432462037354706,0.01787971504831655,0.007723495018070155,0.01738205121334344,247,central
xgboost,northness,0.3432462037354706,0.017216163268352402,0.007723495018070155,0.01738205121334344,247,central
brt,northness,0.3432462037354706,0.008639049161830815,0.007723495018070155,0.01738205121334344,247,central
maxent,northness,0.39902317993342856,0.004976832586788174,0.007906467479522495,0.016981208759451593,169,central
random_forest,northness,0.39902317993342856,0.01746072237239995,0.007906467479522495,0.016981208759451593,169,central
xgboost,northness,0.39902317993342856,0.016821370888468808,0.007906467479522495,0.016981208759451593,169,central
brt,northness,0.39902317993342856,0.008883012443767269,0.007906467479522495,0.016981208759451593,169,central
maxent,northness,0.4548001561313866,0.004976832586788174,0.009159207443138851,0.01965565504041069,144,central
random_forest,northness,0.4548001561313866,0.02021655838254699,0.009159207443138851,0.01965565504041069,144,central
xgboost,northness,0.4548001561313866,0.019468687259698587,0.009159207443138851,0.01965565504041069,144,central
brt,northness,0.4548001561313866,0.010553332395255743,0.009159207443138851,0.01965565504041069,144,central
maxent,northness,0.5105771323293445,0.004976832586788173,0.005145690655991955,0.00821293196766062,100,central
random_forest,northness,0.5105771323293445,0.008356497109085717,0.005145690655991955,0.00821293196766062,100,central
xgboost,northness,0.5105771323293445,0.00816507692051892,0.005145690655991955,0.00821293196766062,100,central
brt,northness,0.5105771323293445,0.005201976679059882,0.005145690655991955,0.00821293196766062,100,central
maxent,northness,0.5663541085273025,0.004976832586788173,0.005730777013795299,0.008863602869237977,91,central
random_forest,northness,0.5663541085273025,0.009074992127059409,0.005730777013795299,0.008863602869237977,91,central
xgboost,northness,0.5663541085273025,0.0087931397832975,0.005730777013795299,0.008863602869237977,91,central
brt,northness,0.5663541085273025,0.005982091822797675,0.005730777013795299,0.008863602869237977,91,central
maxent,sand,1.2448137855529782,0.005721279065804132,0.08113920104736713,0.18101523601360808,881,central
random_forest,sand,1.2448137855529782,0.18601669888975278,0.08113920104736713,0.18101523601360808,881,central
xgboost,sand,1.2448137855529782,0.17934808172155983,0.08113920104736713,0.18101523601360808,881,central
brt,sand,1.2448137855529782,0.1062785083745548,0.08113920104736713,0.18101523601360808,881,central
maxent,sand,3.7344413566589347,0.004976832586788174,0.001830465301278758,0.00401471264489159,6,central
random_forest,sand,3.7344413566589347,0.0018102909789246106,0.001830465301278758,0.00401471264489159,6,central
xgboost,sand,3.7344413566589347,0.0018371900753968073,0.001830465301278758,0.00401471264489159,6,central
brt,sand,3.7344413566589347,0.0036940059975927287,0.001830465301278758,0.00401471264489159,6,central
maxent,sand,6.2240689277648915,0.004976832586788174,0.0018302622640574764,0.004325447251678456,18,central
random_forest,sand,6.2240689277648915,0.0017908546294650965,0.0018302622640574764,0.004325447251678456,18,central
xgboost,sand,6.2240689277648915,0.0018433981422549366,0.0018302622640574764,0.004325447251678456,18,central
brt,sand,6.2240689277648915,0.004108318806641884,0.0018302622640574764,0.004325447251678456,18,central
maxent,sand,8.713696498870847,0.004976832586788174,0.0018287574946286435,0.003976159507166785,9,central
random_forest,sand,8.713696498870847,0.001784342135299445,0.0018287574946286435,0.003976159507166785,9,central
xgboost,sand,8.713696498870847,0.001843562614405043,0.0018287574946286435,0.003976159507166785,9,central
brt,sand,8.713696498870847,0.003642601813959656,0.0018287574946286435,0.003976159507166785,9,central
maxent,sand,11.203324069976803,0.004976832586788174,0.0018207322581401614,0.004272643494036082,12,central
random_forest,sand,11.203324069976803,0.0017665401706442785,0.0018207322581401614,0.004272643494036082,12,central
xgboost,sand,11.203324069976803,0.0018387962873054559,0.0018207322581401614,0.004272643494036082,12,central
brt,sand,11.203324069976803,0.004037913796452051,0.0018207322581401614,0.004272643494036082,12,central
maxent,sand,13.692951641082761,0.004976832586788174,0.0018262022635501564,0.004518241135260745,13,central
random_forest,sand,13.692951641082761,0.001783951987564745,0.0018262022635501564,0.004518241135260745,13,central
xgboost,sand,13.692951641082761,0.001840285688878627,0.0018262022635501564,0.004518241135260745,13,central
brt,sand,13.692951641082761,0.004365377318084936,0.0018262022635501564,0.004518241135260745,13,central
maxent,sand,16.182579212188717,0.004976832586788174,0.0018206397160245521,0.004169923494657713,12,central
random_forest,sand,16.182579212188717,0.0017683402000521192,0.0018206397160245521,0.004169923494657713,12,central
xgboost,sand,16.182579212188717,0.0018380728880153631,0.0018206397160245521,0.004169923494657713,12,central
brt,sand,16.182579212188717,0.003900953797280893,0.0018206397160245521,0.004169923494657713,12,central
maxent,sand,18.672206783294673,0.004976832586788174,0.0018270733970160967,0.00401536108828349,22,central
random_forest,sand,18.672206783294673,0.0017928658357122056,0.0018270733970160967,0.00401536108828349,22,central
xgboost,sand,18.672206783294673,0.001838475917450727,0.0018270733970160967,0.00401536108828349,22,central
brt,sand,18.672206783294673,0.0036948705887819284,0.0018270733970160967,0.00401536108828349,22,central
maxent,sand,21.16183435440063,0.004976832586788172,0.0018203968289762062,0.00397754414617658,54,central
random_forest,sand,21.16183435440063,0.0017716441178849017,0.0018203968289762062,0.00397754414617658,54,central
xgboost,sand,21.16183435440063,0.0018366477326733077,0.0018203968289762062,0.00397754414617658,54,central
brt,sand,21.16183435440063,0.003644447999306049,0.0018203968289762062,0.00397754414617658,54,central
maxent,sand,23.651461925506585,0.004976832586788173,0.00510289176702081,0.006903044403373778,126,central
random_forest,sand,23.651461925506585,0.007032545277019111,0.00510289176702081,0.006903044403373778,126,central
xgboost,sand,23.651461925506585,0.0068598774454919995,0.00510289176702081,0.006903044403373778,126,central
brt,sand,23.651461925506585,0.005144911493765022,0.00510289176702081,0.006903044403373778,126,central
maxent,sand,26.14108949661254,0.004976832586788174,0.005542223216822956,0.00860867526621213,283,central
random_forest,sand,26.14108949661254,0.00879390042968788,0.005542223216822956,0.00860867526621213,283,central
xgboost,sand,26.14108949661254,0.008546933545053547,0.005542223216822956,0.00860867526621213,283,central
brt,sand,26.14108949661254,0.005730686760167884,0.005542223216822956,0.00860867526621213,283,central
maxent,sand,28.6307170677185,0.004976832586788173,0.0066107321346973585,0.012694440745140506,471,central
random_forest,sand,28.6307170677185,0.013008583042184439,0.0066107321346973585,0.012694440745140506,471,central
xgboost,sand,28.6307170677185,0.012589726646125862,0.0066107321346973585,0.012694440745140506,471,central
brt,sand,28.6307170677185,0.007155365317333754,0.0066107321346973585,0.012694440745140506,471,central
maxent,sand,31.120344638824456,0.004976832586788174,0.008263138101255653,0.0172840323083319,540,central
random_forest,sand,31.120344638824456,0.017888121310265966,0.008263138101255653,0.0172840323083319,540,central
xgboost,sand,31.120344638824456,0.01708266930768721,0.008263138101255653,0.0172840323083319,540,central
brt,sand,31.120344638824456,0.009358573272744813,0.008263138101255653,0.0172840323083319,540,central
maxent,sand,33.60997220993041,0.004976832586788174,0.01303380310932278,0.03699758496546416,500,central
random_forest,sand,33.60997220993041,0.03817944889849056,0.01303380310932278,0.03699758496546416,500,central
xgboost,sand,33.60997220993041,0.03660363032112203,0.01303380310932278,0.03699758496546416,500,central
brt,sand,33.60997220993041,0.015719459950167648,0.01303380310932278,0.03699758496546416,500,central
maxent,sand,36.09959978103637,0.004976832586788174,0.00777386136008297,0.016002634049858078,452,central
random_forest,sand,36.09959978103637,0.01647540015052437,0.00777386136008297,0.016002634049858078,452,central
xgboost,sand,36.09959978103637,0.01584504534963598,0.00777386136008297,0.016002634049858078,452,central
brt,sand,36.09959978103637,0.008706204284514569,0.00777386136008297,0.016002634049858078,452,central
maxent,sand,38.58922735214232,0.004976832586788174,0.007038791356760021,0.013585286254672037,437,central
random_forest,sand,38.58922735214232,0.013932454469081142,0.007038791356760021,0.013585286254672037,437,central
xgboost,sand,38.58922735214232,0.013469563516535669,0.007038791356760021,0.013585286254672037,437,central
brt,sand,38.58922735214232,0.007726110946750637,0.007038791356760021,0.013585286254672037,437,central
maxent,sand,41.07885492324828,0.004976832586788174,0.007653508734779487,0.015549517273941252,467,central
random_forest,sand,41.07885492324828,0.01598306671593878,0.007653508734779487,0.015549517273941252,467,central
xgboost,sand,41.07885492324828,0.01540500079327541,0.007653508734779487,0.015549517273941252,467,central
brt,sand,41.07885492324828,0.008545734117443258,0.007653508734779487,0.015549517273941252,467,central
maxent,sand,43.568482494354235,0.004976832586788174,0.005028067681470242,0.006920122893762293,377,central
random_forest,sand,43.568482494354235,0.007057099113060095,0.005028067681470242,0.006920122893762293,377,central
xgboost,sand,43.568482494354235,0.006874464153996359,0.005028067681470242,0.006920122893762293,377,central
brt,sand,43.568482494354235,0.005045146046364264,0.005028067681470242,0.006920122893762293,377,central
maxent,sand,46.05811006546019,0.004976832586788174,0.004740815457341471,0.005535211151668375,172,central
random_forest,sand,46.05811006546019,0.0055925835217484655,0.004740815457341471,0.005535211151668375,172,central
xgboost,sand,46.05811006546019,0.005516087028308345,0.004740815457341471,0.005535211151668375,172,central
brt,sand,46.05811006546019,0.004032764069001361,0.004740815457341471,0.005535211151668375,172,central
maxent,sand,48.54773763656615,0.004976832586788174,0.0018184002478534769,0.0034891250339506956,137,central
random_forest,sand,48.54773763656615,0.0017641941718399788,0.0018184002478534769,0.0034891250339506956,137,central
xgboost,sand,48.54773763656615,0.0018364689398579763,0.0018184002478534769,0.0034891250339506956,137,central
brt,sand,48.54773763656615,0.002993222516338203,0.0018184002478534769,0.0034891250339506956,137,central
