variable,bin_center,ensemble_ALE_z,ale_lower95,ale_upper95,n_support,percentile_region
bio02,7.3737841999530795,0.011534479902534913,0.00970250210138741,0.014879551563231187,220,central
bio02,7.734520076513291,0.00997088940963503,0.00830089075113708,0.01268923367785041,235,central
bio02,8.0952559530735,0.03898906726323126,0.02769116334163564,0.05740008921177506,213,central
bio02,8.455991829633714,0.037766819347054656,0.026101119048045567,0.05594514985736509,148,central
bio02,8.816727706193923,0.04374378778055396,0.030343718771528406,0.06498742699739221,122,central
bio02,9.177463582754136,0.04936886992479933,0.030787579635843415,0.0755569356358359,109,central
bio02,9.538199459314345,0.07663691329880018,0.05205039703084903,0.11581424042005428,118,central
bio02,9.898935335874558,0.03297634374156163,0.021279295623583997,0.04944754151734825,135,central
bio02,10.259671212434768,0.0470507266289696,0.028065103048573986,0.07288735426811986,167,central
bio02,10.62040708899498,0.04256245809635548,0.025278380434845392,0.06592407469717655,235,central
bio02,10.98114296555519,0.017029831671679554,0.012074233447092726,0.024134896170469107,244,central
bio02,11.341878842115403,0.016726956885501264,0.011545625019463344,0.023882769580847975,305,central
bio02,11.702614718675612,0.02602714385475812,0.01711454380429713,0.03875601839605379,440,central
bio02,12.063350595235825,0.026538799201384824,0.018561394454926508,0.0387001723776249,434,central
bio02,12.424086471796034,0.01719655240258872,0.011381597503281916,0.024915751665347912,416,central
bio02,12.784822348356247,0.020728491810522783,0.014898050385974889,0.029608166333662863,392,central
bio02,13.145558224916456,0.032352250512227315,0.02307935198038143,0.04721725624453539,240,central
bio02,13.50629410147667,0.03127212438012796,0.022209899427369482,0.04565740684441945,204,central
bio02,13.867029978036879,0.02421740066370647,0.01734467372535685,0.03489744393381608,184,central
bio02,14.227765854597092,0.03334636346849307,0.02156146801044531,0.0502559638945074,165,central
bio03,21.287904324531553,0.014332328297042445,0.009003138354220253,0.020798908632233347,135,central
bio03,21.881803793907167,0.008994638381160179,0.006715055145889336,0.011616985123149647,199,central
bio03,22.475703263282774,0.0043375577359015954,0.004025254223124257,0.004547727116099065,284,central
bio03,23.069602732658385,0.00851303122361953,0.006195234155223479,0.011150364201780914,343,central
bio03,23.663502202033996,0.00740364874931516,0.005852759934484256,0.009169921019982253,349,central
bio03,24.257401671409603,0.0072314296401963934,0.005601142374377132,0.00900640200869666,359,central
bio03,24.851301140785218,0.012304890596469328,0.008107938266924835,0.017377385805668454,453,central
bio03,25.445200610160825,0.009185193412367771,0.006654140076261925,0.012236300334409304,517,central
bio03,26.039100079536436,0.015261577516011869,0.009464848606465704,0.0223303194221858,406,central
bio03,26.632999548912046,0.011068603332400805,0.007342758868021469,0.015444631891634199,282,central
bio03,27.226899018287657,0.011382168868986893,0.00783042611148636,0.01574340432235864,230,central
bio03,27.820798487663268,0.018281460062339366,0.010575179831790685,0.027586980401430726,199,central
bio03,28.414697957038875,0.012284220633579514,0.008353200799347461,0.017170364032259033,167,central
bio03,29.00859742641449,0.010958687374986184,0.0068501360586269155,0.0155012392384366,141,central
bio03,29.602496895790097,0.016315225208695345,0.00987446637242321,0.024124169326571215,115,central
bio03,30.196396365165707,0.010209497555106055,0.006829395104106289,0.014054895848229037,105,central
bio03,30.79029583454132,0.0064209430927906815,0.00539092311569922,0.007538552190456319,112,central
bio03,31.38419530391693,0.0030088165612221266,0.0018192537879890846,0.0038355495035439858,145,central
bio03,31.978094773292536,0.0030081946356783395,0.0018261227849045915,0.0038187738835947244,110,central
bio03,32.57199424266815,0.0030388420153692015,0.001819239757831628,0.0039258609795312874,75,central
bio05,21.953080301284793,0.04495457555920626,0.031952656236604184,0.06643024030610571,104,central
bio05,22.44604033470154,0.037390304327780316,0.023161690128790373,0.05712767416668813,110,central
bio05,22.939000368118286,0.037089932909205287,0.025153837041243583,0.05521492520063552,138,central
bio05,23.431960401535036,0.06190355789778465,0.04028660695370727,0.09436626224969197,135,central
bio05,23.924920434951783,0.0350640843763804,0.021791824134178496,0.05338354923796673,174,central
bio05,24.41788046836853,0.03165424648976957,0.0187642709932379,0.04857632022015787,219,central
bio05,24.91084050178528,0.02769359864930542,0.017224832830830858,0.0418464068024435,208,central
bio05,25.403800535202027,0.01449244434501399,0.010466993322801661,0.020159643104926416,245,central
bio05,25.896760568618774,0.026843745634665434,0.01831779744532926,0.039449556160499354,332,central
bio05,26.389720602035524,0.024913952887728495,0.017290702620875197,0.0363213070564056,424,central
bio05,26.882680635452274,0.027617678016759493,0.018826283116930066,0.04063431342178914,482,central
bio05,27.375640668869018,0.017329876846468226,0.011239996397328108,0.025271984478278938,437,central
bio05,27.868600702285768,0.01647615256261386,0.01260572326985578,0.022698960394523415,353,central
bio05,28.36156073570252,0.015903923362515452,0.01007552214529098,0.02322492440792327,300,central
bio05,28.85452076911926,0.024271271429593795,0.016938323602906556,0.035277895232293216,249,central
bio05,29.347480802536012,0.01784619202523475,0.011051768765515682,0.02644622858358247,234,central
bio05,29.840440835952762,0.012821885688461087,0.010038946455125083,0.01716013159287105,188,central
bio05,30.333400869369505,0.03015540433131713,0.01964135173240624,0.045168291835985835,133,central
bio05,30.826360902786256,0.023463169249311622,0.015803739231238987,0.03448793663243101,137,central
bio05,31.319320936203006,0.03756269075958833,0.025359709168209295,0.05606427714425162,124,central
bio15,35.31293225765228,0.0647869715734128,0.04373002503364607,0.09789530694585931,120,central
bio15,39.65854355335235,0.06342710004823895,0.042664475093027426,0.0958583088062202,92,central
bio15,44.004154849052426,0.06324872114364535,0.04366181735002952,0.09484612419926668,62,central
bio15,48.34976614475249,0.02133946365776399,0.016012349754223044,0.030089928721701423,170,central
bio15,52.695377440452575,0.01687501592313273,0.012270665421217353,0.02371658912820994,117,central
bio15,57.04098873615264,0.024238871078077002,0.01946920643824898,0.03357108097350435,121,central
bio15,61.386600031852716,0.01188877211006222,0.009805109570018228,0.01546981735239495,258,central
bio15,65.73221132755279,0.02617037589620421,0.015453908690075114,0.0399661399138292,294,central
bio15,70.07782262325286,0.03392801080758982,0.01883234716382702,0.053188770688109004,267,central
bio15,74.42343391895294,0.0332087891586666,0.020270704785004257,0.050730770640713595,190,central
bio15,78.769045214653,0.04220446958442137,0.025133034057871817,0.0651347853262061,198,central
bio15,83.11465651035307,0.04795468127999411,0.02919141124844615,0.07405122119375254,204,central
bio15,87.46026780605315,0.014370437486276918,0.009387152686102782,0.020643136686761918,289,central
bio15,91.80587910175322,0.008274812211415603,0.0062912816003190646,0.010630378466913237,510,central
bio15,96.15149039745329,0.00796136662767619,0.006237944302111985,0.010038859445335339,506,central
bio15,100.49710169315337,0.009513404156306807,0.00683747393819451,0.012710516469269902,470,central
bio15,104.84271298885344,0.003949035946156175,0.0035756815722148352,0.003997569974833498,365,central
bio15,109.1883242845535,0.017166023420781846,0.014334626978917832,0.02295742736544485,181,central
bio15,113.53393558025358,0.01770637131561231,0.014750509833839595,0.0237388369196035,130,central
bio15,117.87954687595366,0.0028479596364587613,0.0018190986094588902,0.003352646703305031,182,central
clay,0.7675368070602417,0.11947317827083863,0.08122656221848043,0.18121886983504676,880,central
clay,3.837684035301209,0.0031223004074728755,0.0018329336868941402,0.004142021153931468,13,central
clay,6.9078312635421755,0.0032291787856227215,0.0018351262844081115,0.004469740362962472,11,central
clay,8.44290487766266,0.0031879692048483884,0.0018305155510249243,0.00434040787789331,17,central
clay,9.977978491783144,0.0030320871399565955,0.0018188917556673156,0.003907306535028732,10,central
clay,11.513052105903625,0.0030364511132980653,0.0018205948890406983,0.00391584502708779,21,central
clay,13.04812572002411,0.0030304388436972586,0.001821370765828484,0.003896073469732522,20,central
clay,14.583199334144592,0.002907588906734246,0.0018243680407273913,0.0035190045715739107,39,central
clay,16.118272948265076,0.0029170713842779313,0.0018196713682445734,0.003559118404873404,88,central
clay,17.65334656238556,0.005724228912815977,0.005007927180176125,0.006421584870626773,278,central
clay,19.188420176506042,0.007836039739193564,0.005938817599753717,0.009977388737377732,471,central
clay,20.723493790626527,0.011416408214636247,0.007499814335234011,0.01602710891308317,586,central
clay,22.258567404747012,0.014342208653931822,0.00881477836483419,0.021071375170902563,412,central
clay,23.793641018867493,0.016193954590961436,0.010026939382995148,0.023741908211301243,381,central
clay,25.328714632987978,0.01149930301452131,0.007658639294263966,0.016024984438185372,453,central
clay,26.86378824710846,0.011515168085614093,0.007584998754309097,0.016127084416587292,540,central
clay,28.398861861228944,0.010638810307958609,0.007278344814741719,0.01462107090831878,501,central
clay,29.93393547534943,0.008617324873560695,0.0058853165472902026,0.011558523492351872,263,central
elevation,34.86317260742187,0.07203932125720827,0.049286551631926155,0.10843052398253275,1529,central
elevation,104.58951782226562,0.010140841863338863,0.006933149891107305,0.0138169385850988,483,central
elevation,174.31586303710935,0.0070781255687046565,0.005637362885714671,0.008636081422237011,662,central
elevation,244.04220825195313,0.017990294345811245,0.01057385606049042,0.026934713296979558,358,central
elevation,313.76855346679685,0.016483541972781585,0.010205036053382327,0.02425717621510687,257,central
elevation,383.4948986816406,0.012357404750345108,0.007962509564843762,0.01771680135343566,256,central
elevation,453.22124389648434,0.010163304892597133,0.006947656972751503,0.013881641891148367,213,central
elevation,522.9475891113282,0.015400645889966246,0.009474817053173684,0.022614113226428968,185,central
elevation,592.6739343261718,0.00729796522676094,0.00577579368592607,0.00901801593232334,178,central
elevation,662.4002795410156,0.01773085387605763,0.0099170331535296,0.026927595827969247,153,central
elevation,732.1266247558593,0.02124567434948155,0.011661693434263161,0.03272726694390712,145,central
elevation,801.852969970703,0.007336057590110626,0.006110079313346715,0.008867360829408815,91,central
elevation,871.5793151855469,0.00307593638681329,0.0018224310178410377,0.004028138452810895,84,central
elevation,941.3056604003906,0.03563180680030357,0.018016396379280205,0.05700003633537222,58,central
elevation,1011.0320056152343,0.003062814749051862,0.001818616537090269,0.003998814571080117,64,central
elevation,1080.7583508300781,0.0030852661387947827,0.0018237308045786138,0.004052183688588468,52,central
elevation,1150.4846960449217,0.0030126323545638344,0.0018202571510955912,0.0038438688872437067,50,central
elevation,1220.2110412597656,0.002939697821397778,0.0018186101946955527,0.003630826828944912,48,central
elevation,1289.9373864746094,0.002944680191896125,0.0018191623194632833,0.0036428024114563114,54,central
elevation,1359.663731689453,0.002861646088230407,0.001818139054186538,0.0033967608801784227,67,central
northness,-0.49340843923389915,0.022681120135766505,0.011795209538793004,0.03549610103370303,95,central
northness,-0.43763146303594114,0.013841183170400643,0.008533206219025197,0.02013128321169258,140,central
northness,-0.3818544868379832,0.017757600783410706,0.010230982879790972,0.026748821356750427,180,central
northness,-0.3260775106400252,0.010028165500459714,0.006638129102263725,0.013855106872970943,177,central
northness,-0.2703005344420672,0.004848107811195353,0.004814071791589558,0.004984668883863252,205,central
northness,-0.21452355824410924,0.006845783408571574,0.005741250144500163,0.008155370773861456,202,central
northness,-0.15874658204615125,0.0076450836487170345,0.005791441224269477,0.00969475411339418,244,central
northness,-0.10296960584819326,0.010256951525440592,0.007246178611961413,0.013901514812312492,212,central
northness,-0.04719262965023527,0.010323428523653054,0.00716254180756602,0.014100583074970623,262,central
northness,0.008584346547722721,0.09580937758716143,0.06518565357088361,0.14495629107538588,1121,central
northness,0.06436132274568068,0.006662276983140724,0.005640932912490402,0.00773629424508163,221,central
northness,0.12013829894363864,0.01190691253857391,0.00770933850190911,0.016844232240902174,256,central
northness,0.1759152751415966,0.00627356830678895,0.005213560964395136,0.007365169862094312,231,central
northness,0.23169225133955462,0.010356768802255674,0.007756510443783364,0.013668225151148555,218,central
northness,0.28746922753751264,0.01392151501485338,0.008908912263761275,0.020041377352020114,211,central
northness,0.3432462037354706,0.012177940016321985,0.007723495018070155,0.01738205121334344,247,central
northness,0.39902317993342856,0.01203548457285605,0.007906467479522495,0.016981208759451593,169,central
northness,0.4548001561313866,0.013803852656072374,0.009159207443138851,0.01965565504041069,144,central
northness,0.5105771323293445,0.006675095823863173,0.005145690655991955,0.00821293196766062,100,central
northness,0.5663541085273025,0.00720676407998569,0.005730777013795299,0.008863602869237977,91,central
sand,1.2448137855529782,0.11934114201291787,0.08113920104736713,0.18101523601360808,881,central
sand,3.7344413566589347,0.0030795799096755803,0.001830465301278758,0.00401471264489159,6,central
sand,6.2240689277648915,0.003179851041287523,0.0018302622640574764,0.004325447251678456,18,central
sand,8.713696498870847,0.0030618347876130796,0.0018287574946286435,0.003976159507166785,9,central
sand,11.203324069976803,0.00315502071029749,0.0018207322581401614,0.004272643494036082,12,central
sand,13.692951641082761,0.0032416118953291204,0.0018262022635501564,0.004518241135260745,13,central
sand,16.182579212188717,0.0031210498680341375,0.0018206397160245521,0.004169923494657713,12,central
sand,18.672206783294673,0.003075761232183259,0.0018270733970160967,0.00401536108828349,22,central
sand,21.16183435440063,0.0030573931091631076,0.0018203968289762062,0.00397754414617658,54,central
sand,23.651461925506585,0.0060035417007660765,0.00510289176702081,0.006903044403373778,126,central
sand,26.14108949661254,0.0070120883304243715,0.005542223216822956,0.00860867526621213,283,central
sand,28.6307170677185,0.009432626898108058,0.0066107321346973585,0.012694440745140506,471,central
sand,31.120344638824456,0.012326549119371541,0.008263138101255653,0.0172840323083319,540,central
sand,33.60997220993041,0.0238698429391421,0.01303380310932278,0.03699758496546416,500,central
sand,36.09959978103637,0.011500870592865772,0.00777386136008297,0.016002634049858078,452,central
sand,38.58922735214232,0.010026240379788906,0.007038791356760021,0.013585286254672037,437,central
sand,41.07885492324828,0.011227658553361405,0.007653508734779487,0.015549517273941252,467,central
sand,43.568482494354235,0.005988385475052223,0.005028067681470242,0.006920122893762293,377,central
sand,46.05811006546019,0.005029566801461586,0.004740815457341471,0.005535211151668375,172,central
sand,48.54773763656615,0.002892679553706083,0.0018184002478534769,0.0034891250339506956,137,central
