gcm,ssp,period,patch_number,mean_patch_area_km2,largest_patch_area_km2,largest_patch_index_pct,patch_density_per_1000km2,edge_density
ACCESS-CM2,ssp126,2041-2060,43,11317.58,300213.93,0.37,0.0005,3294
ACCESS-CM2,ssp126,2061-2080,37,13339.47,302960.04,0.37,0.0005,3213
ACCESS-CM2,ssp245,2041-2060,43,13070.06,308649.59,0.38,0.0005,3221
ACCESS-CM2,ssp245,2061-2080,34,21413.08,315473.75,0.39,0.0004,3259
ACCESS-CM2,ssp370,2061-2080,34,16965.86,334564.97,0.41,0.0004,3332
ACCESS-CM2,ssp585,2041-2060,46,13850.66,312185.00,0.39,0.0006,3237
ACCESS-CM2,ssp585,2061-2080,32,22543.31,335765.37,0.42,0.0004,3234
BCC-CSM2-MR,ssp126,2041-2060,28,17613.11,310277.52,0.38,0.0003,3100
BCC-CSM2-MR,ssp126,2061-2080,36,21758.90,280991.16,0.34,0.0004,3299
BCC-CSM2-MR,ssp245,2061-2080,46,14070.86,316147.95,0.39,0.0006,3684
BCC-CSM2-MR,ssp370,2041-2060,41,17330.91,341931.78,0.42,0.0005,3427
BCC-CSM2-MR,ssp370,2061-2080,35,21614.31,334351.20,0.41,0.0004,2959
BCC-CSM2-MR,ssp585,2041-2060,37,18352.22,308550.93,0.38,0.0005,3181
BCC-CSM2-MR,ssp585,2061-2080,33,20342.88,340550.50,0.42,0.0004,3302
MIROC6,ssp126,2061-2080,55,11837.54,291104.08,0.35,0.0007,3711
MIROC6,ssp245,2041-2060,63,9247.43,272506.18,0.33,0.0008,3797
MIROC6,ssp245,2061-2080,53,11385.67,277768.19,0.33,0.0006,3580
MIROC6,ssp370,2061-2080,41,14909.57,291301.41,0.35,0.0005,3388
MIROC6,ssp585,2041-2060,48,11302.79,277209.10,0.34,0.0006,3450
MIROC6,ssp585,2061-2080,41,18830.31,279807.21,0.34,0.0005,3492
MPI-ESM1-2-HR,ssp126,2041-2060,48,13727.26,272226.63,0.33,0.0006,3084
MPI-ESM1-2-HR,ssp126,2061-2080,40,19016.05,265090.04,0.32,0.0005,3148
MPI-ESM1-2-HR,ssp245,2041-2060,36,15040.30,296941.62,0.36,0.0004,2986
MPI-ESM1-2-HR,ssp245,2061-2080,47,13039.16,284543.02,0.35,0.0006,2616
MPI-ESM1-2-HR,ssp370,2041-2060,26,21070.34,292288.04,0.36,0.0003,2651
MPI-ESM1-2-HR,ssp370,2061-2080,46,14985.47,282602.65,0.35,0.0006,2684
MPI-ESM1-2-HR,ssp585,2041-2060,47,10622.07,283819.49,0.35,0.0006,2750
MPI-ESM1-2-HR,ssp585,2061-2080,35,16182.40,303848.01,0.38,0.0004,2928
MRI-ESM2-0,ssp126,2041-2060,36,15225.00,256013.08,0.31,0.0004,2739
MRI-ESM2-0,ssp126,2061-2080,50,14440.10,284954.11,0.35,0.0006,3151
MRI-ESM2-0,ssp245,2041-2060,47,18684.82,260485.78,0.32,0.0006,3235
MRI-ESM2-0,ssp245,2061-2080,29,20750.67,246508.58,0.30,0.0004,3135
MRI-ESM2-0,ssp370,2041-2060,47,15282.07,258397.42,0.32,0.0006,3152
MRI-ESM2-0,ssp370,2061-2080,57,12700.86,263988.30,0.33,0.0007,3380
MRI-ESM2-0,ssp585,2041-2060,34,12992.31,243959.79,0.30,0.0004,3221
MRI-ESM2-0,ssp585,2061-2080,38,17679.40,245012.19,0.30,0.0005,3354
