gcm,ssp,period,current_area_km2,future_area_km2,stable_km2,gain_km2,loss_km2,net_change_km2,area_change_pct,gain_pct,loss_pct,persistence_pct
ACCESS-CM2,ssp126,2041-2060,147147478.15,81782785.65,81782785.65,0.00,65364692.49,-65364692.49,-44.42,0.00,44.42,55.58
ACCESS-CM2,ssp126,2061-2080,147147478.15,81894765.81,81894765.81,0.00,65252712.33,-65252712.33,-44.35,0.00,44.35,55.65
ACCESS-CM2,ssp245,2041-2060,147147478.15,81157150.47,81157150.47,0.00,65990327.67,-65990327.67,-44.85,0.00,44.85,55.15
ACCESS-CM2,ssp245,2061-2080,147147478.15,81074001.05,81074001.05,0.00,66073477.09,-66073477.09,-44.90,0.00,44.90,55.10
ACCESS-CM2,ssp370,2061-2080,147147478.15,80718981.40,80718964.05,17.34,66428514.09,-66428496.75,-45.14,0.00,45.14,54.86
ACCESS-CM2,ssp585,2041-2060,147147478.15,80898017.04,80898017.04,0.00,66249461.11,-66249461.11,-45.02,0.00,45.02,54.98
ACCESS-CM2,ssp585,2061-2080,147147478.15,80484547.90,80484495.89,52.01,66662982.25,-66662930.24,-45.30,0.00,45.30,54.70
BCC-CSM2-MR,ssp126,2041-2060,147147478.15,81940170.60,81940170.60,0.00,65207307.55,-65207307.55,-44.31,0.00,44.31,55.69
BCC-CSM2-MR,ssp126,2061-2080,147147478.15,82196482.74,82196482.74,0.00,64950995.40,-64950995.40,-44.14,0.00,44.14,55.86
BCC-CSM2-MR,ssp245,2061-2080,147147478.15,81326893.32,81326808.16,85.16,65820669.99,-65820584.82,-44.73,0.00,44.73,55.27
BCC-CSM2-MR,ssp370,2041-2060,147147478.15,81699887.35,81699717.01,170.34,65447761.14,-65447590.80,-44.48,0.00,44.48,55.52
BCC-CSM2-MR,ssp370,2061-2080,147147478.15,80822482.08,80822482.08,0.00,66324996.07,-66324996.07,-45.07,0.00,45.07,54.93
BCC-CSM2-MR,ssp585,2041-2060,147147478.15,80584514.19,80584514.19,0.00,66562963.95,-66562963.95,-45.24,0.00,45.24,54.76
BCC-CSM2-MR,ssp585,2061-2080,147147478.15,80350864.99,80350813.88,51.11,66796664.27,-66796613.16,-45.39,0.00,45.39,54.61
MIROC6,ssp126,2061-2080,147147478.15,83158363.27,83158363.27,0.00,63989114.88,-63989114.88,-43.49,0.00,43.49,56.51
MIROC6,ssp245,2041-2060,147147478.15,82537108.53,82537108.53,0.00,64610369.61,-64610369.61,-43.91,0.00,43.91,56.09
MIROC6,ssp245,2061-2080,147147478.15,83234804.92,83234804.92,0.00,63912673.23,-63912673.23,-43.43,0.00,43.43,56.57
MIROC6,ssp370,2061-2080,147147478.15,82364551.08,82364551.08,0.00,64782927.07,-64782927.07,-44.03,0.00,44.03,55.97
MIROC6,ssp585,2041-2060,147147478.15,82648896.15,82648896.15,0.00,64498581.99,-64498581.99,-43.83,0.00,43.83,56.17
MIROC6,ssp585,2061-2080,147147478.15,82519460.47,82519460.47,0.00,64628017.68,-64628017.68,-43.92,0.00,43.92,56.08
MPI-ESM1-2-HR,ssp126,2041-2060,147147478.15,81633278.80,81633278.80,0.00,65514199.34,-65514199.34,-44.52,0.00,44.52,55.48
MPI-ESM1-2-HR,ssp126,2061-2080,147147478.15,81844900.78,81844900.78,0.00,65302577.36,-65302577.36,-44.38,0.00,44.38,55.62
MPI-ESM1-2-HR,ssp245,2041-2060,147147478.15,81788758.84,81788758.84,0.00,65358719.30,-65358719.30,-44.42,0.00,44.42,55.58
MPI-ESM1-2-HR,ssp245,2061-2080,147147478.15,81465850.85,81465850.85,0.00,65681627.30,-65681627.30,-44.64,0.00,44.64,55.36
MPI-ESM1-2-HR,ssp370,2041-2060,147147478.15,81301797.79,81301797.79,0.00,65845680.36,-65845680.36,-44.75,0.00,44.75,55.25
MPI-ESM1-2-HR,ssp370,2061-2080,147147478.15,80699917.45,80699917.45,0.00,66447560.69,-66447560.69,-45.16,0.00,45.16,54.84
MPI-ESM1-2-HR,ssp585,2041-2060,147147478.15,80576145.25,80576145.25,0.00,66571332.89,-66571332.89,-45.24,0.00,45.24,54.76
MPI-ESM1-2-HR,ssp585,2061-2080,147147478.15,80687447.86,80687447.86,0.00,66460030.29,-66460030.29,-45.17,0.00,45.17,54.83
MRI-ESM2-0,ssp126,2041-2060,147147478.15,81827873.52,81827873.52,0.00,65319604.62,-65319604.62,-44.39,0.00,44.39,55.61
MRI-ESM2-0,ssp126,2061-2080,147147478.15,81874485.66,81874485.66,0.00,65272992.49,-65272992.49,-44.36,0.00,44.36,55.64
MRI-ESM2-0,ssp245,2041-2060,147147478.15,80866561.79,80866561.79,0.00,66280916.36,-66280916.36,-45.04,0.00,45.04,54.96
MRI-ESM2-0,ssp245,2061-2080,147147478.15,81105738.54,81105738.54,0.00,66041739.60,-66041739.60,-44.88,0.00,44.88,55.12
MRI-ESM2-0,ssp370,2041-2060,147147478.15,80986236.01,80986236.01,0.00,66161242.14,-66161242.14,-44.96,0.00,44.96,55.04
MRI-ESM2-0,ssp370,2061-2080,147147478.15,81096552.30,81096552.30,0.00,66050925.84,-66050925.84,-44.89,0.00,44.89,55.11
MRI-ESM2-0,ssp585,2041-2060,147147478.15,80877299.20,80877299.20,0.00,66270178.94,-66270178.94,-45.04,0.00,45.04,54.96
MRI-ESM2-0,ssp585,2061-2080,147147478.15,80412694.76,80412694.76,0.00,66734783.39,-66734783.39,-45.35,0.00,45.35,54.65
