model,variable,mean_abs_shap,relative_shap_percent
random_forest,bio02,0.029388505247694173,5.588540941712666
random_forest,bio03,0.19690849126969834,37.44427135564917
random_forest,bio05,0.03400009982612873,6.465485341944922
random_forest,bio15,0.07040808193710459,13.388855445917633
random_forest,clay,0.05536453207511224,10.528162341458485
random_forest,elevation,0.06161847621198064,11.717417206974831
random_forest,northness,0.023272623151173306,4.425540060823154
random_forest,sand,0.054909995455665044,10.441727305519132
xgboost,bio02,2.016077995300293,13.019253730773926
xgboost,bio03,3.4685938358306885,22.39918327331543
xgboost,bio05,1.5910648107528687,10.274640083312988
xgboost,bio15,2.679102659225464,17.300874710083008
xgboost,clay,1.352369785308838,8.733216285705566
xgboost,elevation,1.4318981170654297,9.246787071228027
xgboost,northness,1.4478245973587036,9.34963607788086
xgboost,sand,1.4984270334243774,9.676411628723145
brt,bio02,0.6073391316181598,0.003594034158152403
brt,bio03,518.3998606471692,3.067720668324647
brt,bio05,0.5011082531915017,0.0029653945961029345
brt,bio15,4762.030455870385,28.18013730641768
brt,clay,0.5200977364164681,0.003077768141298932
brt,elevation,6894.255261433745,40.79794568579372
brt,northness,123.70726471847694,0.7320590949330387
brt,sand,4598.513931928289,27.212500047635352
