variable,category,file_path,status
bdod,soil,E:\人参种在哪\00_统一数据预处理\06_soil\aligned\bdod_0_15cm.tif,ready
bio01,climate,E:\人参种在哪\00_统一数据预处理\04_current_climate\bio01_aligned.tif,ready
bio02,climate,E:\人参种在哪\00_统一数据预处理\04_current_climate\bio02_aligned.tif,ready
bio03,climate,E:\人参种在哪\00_统一数据预处理\04_current_climate\bio03_aligned.tif,ready
bio04,climate,E:\人参种在哪\00_统一数据预处理\04_current_climate\bio04_aligned.tif,ready
bio05,climate,E:\人参种在哪\00_统一数据预处理\04_current_climate\bio05_aligned.tif,ready
bio06,climate,E:\人参种在哪\00_统一数据预处理\04_current_climate\bio06_aligned.tif,ready
bio07,climate,E:\人参种在哪\00_统一数据预处理\04_current_climate\bio07_aligned.tif,ready
bio08,climate,E:\人参种在哪\00_统一数据预处理\04_current_climate\bio08_aligned.tif,ready
bio09,climate,E:\人参种在哪\00_统一数据预处理\04_current_climate\bio09_aligned.tif,ready
bio10,climate,E:\人参种在哪\00_统一数据预处理\04_current_climate\bio10_aligned.tif,ready
bio11,climate,E:\人参种在哪\00_统一数据预处理\04_current_climate\bio11_aligned.tif,ready
bio12,climate,E:\人参种在哪\00_统一数据预处理\04_current_climate\bio12_aligned.tif,ready
bio13,climate,E:\人参种在哪\00_统一数据预处理\04_current_climate\bio13_aligned.tif,ready
bio14,climate,E:\人参种在哪\00_统一数据预处理\04_current_climate\bio14_aligned.tif,ready
bio15,climate,E:\人参种在哪\00_统一数据预处理\04_current_climate\bio15_aligned.tif,ready
bio16,climate,E:\人参种在哪\00_统一数据预处理\04_current_climate\bio16_aligned.tif,ready
bio17,climate,E:\人参种在哪\00_统一数据预处理\04_current_climate\bio17_aligned.tif,ready
bio18,climate,E:\人参种在哪\00_统一数据预处理\04_current_climate\bio18_aligned.tif,ready
bio19,climate,E:\人参种在哪\00_统一数据预处理\04_current_climate\bio19_aligned.tif,ready
cec,soil,E:\人参种在哪\00_统一数据预处理\06_soil\aligned\cec_0_15cm.tif,ready
clay,soil,E:\人参种在哪\00_统一数据预处理\06_soil\aligned\clay_0_15cm.tif,ready
eastness,terrain,E:\人参种在哪\00_统一数据预处理\07_terrain\aligned\eastness.tif,ready
elevation,terrain,E:\人参种在哪\00_统一数据预处理\07_terrain\aligned\elevation.tif,ready
nitrogen,soil,E:\人参种在哪\00_统一数据预处理\06_soil\aligned\nitrogen_0_15cm.tif,ready
northness,terrain,E:\人参种在哪\00_统一数据预处理\07_terrain\aligned\northness.tif,ready
phh2o,soil,E:\人参种在哪\00_统一数据预处理\06_soil\aligned\phh2o_0_15cm.tif,ready
sand,soil,E:\人参种在哪\00_统一数据预处理\06_soil\aligned\sand_0_15cm.tif,ready
slope,terrain,E:\人参种在哪\00_统一数据预处理\07_terrain\aligned\slope.tif,ready
soc,soil,E:\人参种在哪\00_统一数据预处理\06_soil\aligned\soc_0_15cm.tif,ready
