file,source_path,experiment1_path,sha256_source,sha256_copy,size_mb,status
occurrence_thin_5km.csv,E:\人参种在哪\00_统一数据预处理\14_handoff\to_experiment_1\occurrence_thin_5km.csv,E:\人参种在哪\实验1\01_input\occurrence_thin_5km.csv,6d9d97decca06fd85b5c53b9a147851827e112c8bc212c76cb8c31dfb6132dbd,6d9d97decca06fd85b5c53b9a147851827e112c8bc212c76cb8c31dfb6132dbd,0.1689,OK
occurrence_thin_10km.csv,E:\人参种在哪\00_统一数据预处理\14_handoff\to_experiment_1\occurrence_thin_10km.csv,E:\人参种在哪\实验1\01_input\occurrence_thin_10km.csv,c65c7e74350cb907bf4428d3f40e701ac0c0082774aa96d86f7680eb3c7df734,c65c7e74350cb907bf4428d3f40e701ac0c0082774aa96d86f7680eb3c7df734,0.1473,OK
occurrence_thin_20km.csv,E:\人参种在哪\00_统一数据预处理\14_handoff\to_experiment_1\occurrence_thin_20km.csv,E:\人参种在哪\实验1\01_input\occurrence_thin_20km.csv,951792bd9ff1cec4c3914e5f0e7423e8fdceca02e1e6a34332ff8ea9edb14a83,951792bd9ff1cec4c3914e5f0e7423e8fdceca02e1e6a34332ff8ea9edb14a83,0.1242,OK
occurrence_cultivated_or_uncertain.csv,E:\人参种在哪\00_统一数据预处理\14_handoff\to_experiment_1\occurrence_cultivated_or_uncertain.csv,E:\人参种在哪\实验1\01_input\occurrence_cultivated_or_uncertain.csv,6241c09591980e859c3e62f5c6f537312122b6b620ea2062e69bfbb247017f2d,6241c09591980e859c3e62f5c6f537312122b6b620ea2062e69bfbb247017f2d,0.0021,OK
reference_grid_template.tif,E:\人参种在哪\00_统一数据预处理\14_handoff\to_experiment_1\reference_grid_template.tif,E:\人参种在哪\实验1\01_input\reference_grid_template.tif,c75de723e52685434b0189c690b292fded5fecfd8b2223da3c99895a9901c734,c75de723e52685434b0189c690b292fded5fecfd8b2223da3c99895a9901c734,35.6208,OK
common_valid_mask.tif,E:\人参种在哪\00_统一数据预处理\14_handoff\to_experiment_1\common_valid_mask.tif,E:\人参种在哪\实验1\01_input\common_valid_mask.tif,d1de8bfc71cd953bf48b02ffdd42b519eeba6d9663ee502666ea2f8128e6f446,d1de8bfc71cd953bf48b02ffdd42b519eeba6d9663ee502666ea2f8128e6f446,0.9249,OK
study_context_adm0.gpkg,E:\人参种在哪\00_统一数据预处理\14_handoff\to_experiment_1\study_context_adm0.gpkg,E:\人参种在哪\实验1\01_input\study_context_adm0.gpkg,0fd2d26d992ca515ff7d63adea3c16b9a0211c39ea9d63e03e80bf6fb52d5c13,0fd2d26d992ca515ff7d63adea3c16b9a0211c39ea9d63e03e80bf6fb52d5c13,5.957,OK
study_context_adm1.gpkg,E:\人参种在哪\00_统一数据预处理\14_handoff\to_experiment_1\study_context_adm1.gpkg,E:\人参种在哪\实验1\01_input\study_context_adm1.gpkg,2c9513eacccb5e8cd6e9e671282bc4c13afa26dbb0f7423edadb227abd609549,2c9513eacccb5e8cd6e9e671282bc4c13afa26dbb0f7423edadb227abd609549,68.1758,OK
current_predictor_registry.csv,E:\人参种在哪\00_统一数据预处理\14_handoff\to_experiment_1\current_predictor_registry.csv,E:\人参种在哪\实验1\01_input\current_predictor_registry.csv,1732683012990067e218c10c279afd71e17059bc99df0e32ff6e1d9ceeb3c83d,1732683012990067e218c10c279afd71e17059bc99df0e32ff6e1d9ceeb3c83d,0.0029,OK
bdod_0_15cm.tif,E:\人参种在哪\00_统一数据预处理\14_handoff\to_experiment_1\current_predictors\bdod_0_15cm.tif,E:\人参种在哪\实验1\01_input\bdod_0_15cm.tif,e49a3560069e0569435b5873b66642534980a2beae7965c5465d439988876009,e49a3560069e0569435b5873b66642534980a2beae7965c5465d439988876009,3.3126,OK
bio01_aligned.tif,E:\人参种在哪\00_统一数据预处理\14_handoff\to_experiment_1\current_predictors\bio01_aligned.tif,E:\人参种在哪\实验1\01_input\bio01_aligned.tif,e776e42c80de9c2c739aaccf8995c87956ae5e7b38bb104cb050e3109b677daa,e776e42c80de9c2c739aaccf8995c87956ae5e7b38bb104cb050e3109b677daa,47.873,OK
bio02_aligned.tif,E:\人参种在哪\00_统一数据预处理\14_handoff\to_experiment_1\current_predictors\bio02_aligned.tif,E:\人参种在哪\实验1\01_input\bio02_aligned.tif,95cd2d0fa4bba7415309251db05bfcf893f712a5dbaadffeab6461558b34a73c,95cd2d0fa4bba7415309251db05bfcf893f712a5dbaadffeab6461558b34a73c,45.6047,OK
bio03_aligned.tif,E:\人参种在哪\00_统一数据预处理\14_handoff\to_experiment_1\current_predictors\bio03_aligned.tif,E:\人参种在哪\实验1\01_input\bio03_aligned.tif,711dca10b08e9a9c3a38233f2a77ebed5ad86365fd1fb79926c84d477afbedbd,711dca10b08e9a9c3a38233f2a77ebed5ad86365fd1fb79926c84d477afbedbd,52.8727,OK
bio04_aligned.tif,E:\人参种在哪\00_统一数据预处理\14_handoff\to_experiment_1\current_predictors\bio04_aligned.tif,E:\人参种在哪\实验1\01_input\bio04_aligned.tif,c3fbb4123f9ba34e084500ba455e40f79f79b7d58f4062c4c24aafd45ef5737f,c3fbb4123f9ba34e084500ba455e40f79f79b7d58f4062c4c24aafd45ef5737f,53.6008,OK
bio05_aligned.tif,E:\人参种在哪\00_统一数据预处理\14_handoff\to_experiment_1\current_predictors\bio05_aligned.tif,E:\人参种在哪\实验1\01_input\bio05_aligned.tif,5c301b90e8a83d0a9b57d592a36ee5a07eeb228a20184c78cba6d0419fc4f5fb,5c301b90e8a83d0a9b57d592a36ee5a07eeb228a20184c78cba6d0419fc4f5fb,35.9956,OK
bio06_aligned.tif,E:\人参种在哪\00_统一数据预处理\14_handoff\to_experiment_1\current_predictors\bio06_aligned.tif,E:\人参种在哪\实验1\01_input\bio06_aligned.tif,fc737cc086c5c81e2c46e84af63d352d60bb051ea378361d0245eb2f3d674896,fc737cc086c5c81e2c46e84af63d352d60bb051ea378361d0245eb2f3d674896,38.0706,OK
bio07_aligned.tif,E:\人参种在哪\00_统一数据预处理\14_handoff\to_experiment_1\current_predictors\bio07_aligned.tif,E:\人参种在哪\实验1\01_input\bio07_aligned.tif,bdd59a7749b6d8f1d53713acc44daace558e02c04066e3fa647feaa107d42597,bdd59a7749b6d8f1d53713acc44daace558e02c04066e3fa647feaa107d42597,39.5518,OK
bio08_aligned.tif,E:\人参种在哪\00_统一数据预处理\14_handoff\to_experiment_1\current_predictors\bio08_aligned.tif,E:\人参种在哪\实验1\01_input\bio08_aligned.tif,70f430fa247a3687db88deb4158111c4d4535f545c8ca2eeef98c396d2198ae4,70f430fa247a3687db88deb4158111c4d4535f545c8ca2eeef98c396d2198ae4,44.9375,OK
bio09_aligned.tif,E:\人参种在哪\00_统一数据预处理\14_handoff\to_experiment_1\current_predictors\bio09_aligned.tif,E:\人参种在哪\实验1\01_input\bio09_aligned.tif,8d00a8b920d89ac909264990e19a95432275bb94706adca830322d4482a7c964,8d00a8b920d89ac909264990e19a95432275bb94706adca830322d4482a7c964,45.2773,OK
bio10_aligned.tif,E:\人参种在哪\00_统一数据预处理\14_handoff\to_experiment_1\current_predictors\bio10_aligned.tif,E:\人参种在哪\实验1\01_input\bio10_aligned.tif,e4e88bf80f64ae40ff71def828cd11499036ee58ac12f5a49e706010782d0d39,e4e88bf80f64ae40ff71def828cd11499036ee58ac12f5a49e706010782d0d39,44.185,OK
bio11_aligned.tif,E:\人参种在哪\00_统一数据预处理\14_handoff\to_experiment_1\current_predictors\bio11_aligned.tif,E:\人参种在哪\实验1\01_input\bio11_aligned.tif,cbc1408b68c783cce4ecee82ee604381a348160d20406f64229c8b1a10e3c526,cbc1408b68c783cce4ecee82ee604381a348160d20406f64229c8b1a10e3c526,44.8756,OK
bio12_aligned.tif,E:\人参种在哪\00_统一数据预处理\14_handoff\to_experiment_1\current_predictors\bio12_aligned.tif,E:\人参种在哪\实验1\01_input\bio12_aligned.tif,345831c721ead79efb2bdc4790b39cad942f466af84c63f21bcfc364dda433bc,345831c721ead79efb2bdc4790b39cad942f466af84c63f21bcfc364dda433bc,24.5683,OK
bio13_aligned.tif,E:\人参种在哪\00_统一数据预处理\14_handoff\to_experiment_1\current_predictors\bio13_aligned.tif,E:\人参种在哪\实验1\01_input\bio13_aligned.tif,e21276ee5f61950fe87f176546f07b3c895c38aecdc9f1d9cc1fee55b795a1dc,e21276ee5f61950fe87f176546f07b3c895c38aecdc9f1d9cc1fee55b795a1dc,17.3133,OK
bio14_aligned.tif,E:\人参种在哪\00_统一数据预处理\14_handoff\to_experiment_1\current_predictors\bio14_aligned.tif,E:\人参种在哪\实验1\01_input\bio14_aligned.tif,42305aeccb43c9bfa292382234ccedcf1490259117db47286bd0144929e860ec,42305aeccb43c9bfa292382234ccedcf1490259117db47286bd0144929e860ec,10.7025,OK
bio15_aligned.tif,E:\人参种在哪\00_统一数据预处理\14_handoff\to_experiment_1\current_predictors\bio15_aligned.tif,E:\人参种在哪\实验1\01_input\bio15_aligned.tif,6d5ae6389251a7545dc1dc71f2ddc65898e71d71c52e7a1f16bbbc86c969976e,6d5ae6389251a7545dc1dc71f2ddc65898e71d71c52e7a1f16bbbc86c969976e,46.4337,OK
bio16_aligned.tif,E:\人参种在哪\00_统一数据预处理\14_handoff\to_experiment_1\current_predictors\bio16_aligned.tif,E:\人参种在哪\实验1\01_input\bio16_aligned.tif,2bbb8f08154ed7e5db16fb98aa81d33d6d58c84e3a6c9dc73d1db1d8f79769c8,2bbb8f08154ed7e5db16fb98aa81d33d6d58c84e3a6c9dc73d1db1d8f79769c8,21.0986,OK
bio17_aligned.tif,E:\人参种在哪\00_统一数据预处理\14_handoff\to_experiment_1\current_predictors\bio17_aligned.tif,E:\人参种在哪\实验1\01_input\bio17_aligned.tif,bbda55815ba318c0b9a0e3fef1819bd5df62e022e5152c4e6aafbfee5a095c68,bbda55815ba318c0b9a0e3fef1819bd5df62e022e5152c4e6aafbfee5a095c68,15.2094,OK
bio18_aligned.tif,E:\人参种在哪\00_统一数据预处理\14_handoff\to_experiment_1\current_predictors\bio18_aligned.tif,E:\人参种在哪\实验1\01_input\bio18_aligned.tif,f36009090440e194f3bc30e00a39cb1c46483c0cb758a87953c68098cd1fd80b,f36009090440e194f3bc30e00a39cb1c46483c0cb758a87953c68098cd1fd80b,18.5723,OK
bio19_aligned.tif,E:\人参种在哪\00_统一数据预处理\14_handoff\to_experiment_1\current_predictors\bio19_aligned.tif,E:\人参种在哪\实验1\01_input\bio19_aligned.tif,0f9399439f2f911014ad5219bfa65e1e841f960e40cc27fa5b39c86c1dc16d0e,0f9399439f2f911014ad5219bfa65e1e841f960e40cc27fa5b39c86c1dc16d0e,18.3202,OK
cec_0_15cm.tif,E:\人参种在哪\00_统一数据预处理\14_handoff\to_experiment_1\current_predictors\cec_0_15cm.tif,E:\人参种在哪\实验1\01_input\cec_0_15cm.tif,c728a10e441ffb8bcf96898a79528c8757578370408daf7b8ed4580428e1beb5,c728a10e441ffb8bcf96898a79528c8757578370408daf7b8ed4580428e1beb5,3.385,OK
clay_0_15cm.tif,E:\人参种在哪\00_统一数据预处理\14_handoff\to_experiment_1\current_predictors\clay_0_15cm.tif,E:\人参种在哪\实验1\01_input\clay_0_15cm.tif,b9ab61a1c37cfb2b18f64e4252678c065073ea6d54d58deb662f9442209fc8a5,b9ab61a1c37cfb2b18f64e4252678c065073ea6d54d58deb662f9442209fc8a5,3.3985,OK
eastness.tif,E:\人参种在哪\00_统一数据预处理\14_handoff\to_experiment_1\current_predictors\eastness.tif,E:\人参种在哪\实验1\01_input\eastness.tif,42e8531abfc052f3876decbc83f2d404c330e5c364f591a1c758997e0e1d3d93,42e8531abfc052f3876decbc83f2d404c330e5c364f591a1c758997e0e1d3d93,3.8171,OK
elevation.tif,E:\人参种在哪\00_统一数据预处理\14_handoff\to_experiment_1\current_predictors\elevation.tif,E:\人参种在哪\实验1\01_input\elevation.tif,5848edf58dd8a6f67267bec027237b6e55e2f41d92bf57d10e4fe31dbbea2b5f,5848edf58dd8a6f67267bec027237b6e55e2f41d92bf57d10e4fe31dbbea2b5f,3.6577,OK
nitrogen_0_15cm.tif,E:\人参种在哪\00_统一数据预处理\14_handoff\to_experiment_1\current_predictors\nitrogen_0_15cm.tif,E:\人参种在哪\实验1\01_input\nitrogen_0_15cm.tif,058e8d8234e4e45d34aa5c8e220627d230d3271679b0874fc73fac8a7093cd8a,058e8d8234e4e45d34aa5c8e220627d230d3271679b0874fc73fac8a7093cd8a,3.434,OK
northness.tif,E:\人参种在哪\00_统一数据预处理\14_handoff\to_experiment_1\current_predictors\northness.tif,E:\人参种在哪\实验1\01_input\northness.tif,4467b0f44ddb56173f17b1e506f99257e5261a3874eec62e85a243b3ad023559,4467b0f44ddb56173f17b1e506f99257e5261a3874eec62e85a243b3ad023559,3.864,OK
phh2o_0_15cm.tif,E:\人参种在哪\00_统一数据预处理\14_handoff\to_experiment_1\current_predictors\phh2o_0_15cm.tif,E:\人参种在哪\实验1\01_input\phh2o_0_15cm.tif,179fa77b6321f7f9c2b6ffe96f8681899adf66af0d4e392cea5e8d6cb3ead623,179fa77b6321f7f9c2b6ffe96f8681899adf66af0d4e392cea5e8d6cb3ead623,3.337,OK
sand_0_15cm.tif,E:\人参种在哪\00_统一数据预处理\14_handoff\to_experiment_1\current_predictors\sand_0_15cm.tif,E:\人参种在哪\实验1\01_input\sand_0_15cm.tif,11f78a0048ace09252043da2a5ea0a4b5033b81af8c5d48826d64a8c1400aa79,11f78a0048ace09252043da2a5ea0a4b5033b81af8c5d48826d64a8c1400aa79,3.4047,OK
slope.tif,E:\人参种在哪\00_统一数据预处理\14_handoff\to_experiment_1\current_predictors\slope.tif,E:\人参种在哪\实验1\01_input\slope.tif,c19d2750f2a4cf20d6f0920382af21d56e1361c59e36e0f20d47fd177ceebfb4,c19d2750f2a4cf20d6f0920382af21d56e1361c59e36e0f20d47fd177ceebfb4,3.5002,OK
soc_0_15cm.tif,E:\人参种在哪\00_统一数据预处理\14_handoff\to_experiment_1\current_predictors\soc_0_15cm.tif,E:\人参种在哪\实验1\01_input\soc_0_15cm.tif,7b0baea2f7f604d16801cc35505f84b3e59153e5e138ab2a169e2f2908f96ef4,7b0baea2f7f604d16801cc35505f84b3e59153e5e138ab2a169e2f2908f96ef4,3.4763,OK
