gbifID,decimalLongitude,decimalLatitude,geo_flag
900408097,,,
889849711,,,
889849707,,,
889849705,,,
889849695,,,
889849676,,,
889849670,,,
889849668,,,
889849666,,,
889849665,,,
889849664,,,
889849662,,,
889849660,,,
889849659,,,
889849653,,,
889849650,,,
889849648,,,
889849647,,,
889849646,,,
889849645,,,
889849641,,,
889849640,,,
889849639,,,
889849638,,,
889849636,,,
889849635,,,
889849632,,,
889849631,,,
889849628,,,
889849627,,,
889849625,,,
889849624,,,
889849618,,,
889849616,,,
889849609,,,
889849608,,,
889849602,,,
889849599,,,
889849598,,,
889849590,,,
889849589,,,
889849575,,,
889849571,,,
79024581,,,
735570880,,,
735570879,,,
735570867,,,
735570863,,,
735570847,,,
735570845,,,
735570844,,,
735570843,,,
6430219346,,,
6430067032,,,
6354530383,,,
6353352675,128.068787,37.550613,
6341233352,126.1,41.57,
6341231331,125.894,41.4417,
6341229425,,,
6341215410,125.944,41.4504,
6341212393,,,
6341173323,,,
6341166475,,,
6341030410,,,
6336038419,,,
6335904396,,,
6334202486,126.992295,37.316727,
6237439599,,,
6237436544,,,
6237382542,,,
6237268586,,,
6196714780,,,
6190431750,,,
6190415892,,,
6190405838,,,
6120859189,,,
5993931757,,,
5956743061,,,
5956730080,,,
5937640374,,,
5932587185,132.801742,43.002254,
5910606131,,,
5900718905,,,
5900718793,,,
5864710235,127.754,36.9435,
5864244444,,,
5862499227,127.75365,36.94351,
5836634817,125.574444,41.700069,
5830753005,128.058366,37.555679,
574834645,,,
5730612686,145.834398,-37.807807,
5730594308,148.869222,-36.440558,
5730591367,148.955733,-36.278453,
5730590273,149.207533,-36.878731,
5730586191,148.864372,-36.345889,
5730580971,152.426866,-28.227608,
5730571158,148.955733,-36.278453,
5730570975,148.960614,-36.297947,
5730552914,152.427209,-28.227565,
5730538725,150.66628,-33.80072,
5730536213,145.866614,-37.805598,
5730493538,147.27917,-42.868305,
5730467945,150.268179,-33.652818,
5730463925,145.778368,-37.828049,
5730463832,145.840134,-37.794083,
5730454440,150.88022,-33.61179,
5730454381,150.87872,-33.61544,
5730440468,145.549813,-37.549526,
5730440367,145.601307,-37.499873,
5730436221,151.155,-33.7375,
5730434014,134.50615,-13.52115,
5730414952,150.73294,-34.0492,
5730408627,116.22374,-32.57229,
5730372388,149.01088,-35.874867,
5730355245,145.840394,-37.794852,
5730326626,150.267825,-33.652974,
5730317849,150.67038,-33.8003,
5730313584,119.915056,-33.847139,
5730305166,150.267825,-33.652974,
5730305098,150.268179,-33.652818,
5730279005,152.424726,-28.288659,
5730239638,150.267756,-33.652613,
5730225635,145.512328,-37.521273,
5730225530,145.840394,-37.794852,
5730225488,145.796225,-37.817914,
5730191252,115.15305,-30.0912,
5730190059,151.03748,-33.74123,
5730182969,145.904712,-37.86565,
5730182922,145.584558,-37.486424,
5730182569,145.90609,-37.867826,
5730181974,151.8161,-31.9817,
5730139686,147.301169,-42.877276,
5730129049,142.21429,-36.16972,
5730102802,145.905587,-37.867226,
5730094405,152.424726,-28.288659,
5730082020,145.679443,-37.666565,
5730063242,150.267756,-33.652613,
5730056542,150.78452,-31.9004,
5730044528,116.0519,-32.60501,
5730028314,147.351494,-42.947737,
5730002206,147.299638,-42.980972,
5729998951,145.679443,-37.666565,
5729997631,116.42781,-32.93388,
5729988553,110.658212,-66.411376,
5729934559,149.0083,-35.8811,
5729929768,145.630823,-37.445257,
5729926425,150.84216,-34.4029,
5729907728,151.2917,-33.2644,
5729907634,151.03063,-34.1485,
5729907598,150.84111,-34.4036,
5729906587,132.222578,-30.895177,
5729894798,105.569857,-10.492911,
5729861540,145.90363,-37.846614,
5729861482,145.629566,-37.587062,
5729847536,145.796225,-37.807807,
5729796878,149.282761,-36.66735,
5729773632,152.426866,-28.227608,
5729740323,147.399564,-42.787222,
5729736694,149.062681,-36.140736,
5729736575,148.717181,-36.44835,
5729732093,146.683175,-43.097637,
5729679968,134.50615,-13.52115,
5729616874,146.807225,-43.167701,
5729567150,116.44391,-32.89086,
5729460367,148.864372,-36.345889,
5729431144,150.87895,-33.61405,
5729420214,150.78452,-31.9004,
5729418741,149.282761,-36.66735,
5729382587,146.02815,-17.52448,
5729360263,150.70756,-35.138023,
5729340487,145.586207,-37.490139,
5729247701,149.0097,-35.876683,
5729232215,105.57078,-10.489,
5729208603,138.676537,-34.682267,
5729200685,137.9544,-32.32096,
5729172554,115.795397,-31.586669,
5729114820,145.842949,-37.795643,
5729114725,145.840134,-37.794083,
5729114637,145.504315,-37.540044,
5729080999,119.761694,-33.688361,
5729080956,119.722139,-33.728389,
5729077023,148.865994,-36.429603,
5729076886,148.965667,-36.287203,
5729076593,149.087828,-36.267561,
5728910845,148.84465,-35.371917,
5728872878,149.087828,-36.267561,
5728872832,149.455342,-36.223378,
5728872656,149.11115,-36.273092,
5728833187,147.334713,-42.889828,
5728832982,147.338655,-42.915483,
5728812212,138.687703,-34.734146,
5728812065,138.705377,-34.657643,
5728723579,150.659444,-35.164264,
5728722247,110.656503,-66.41081,
5728643931,148.710961,-36.445069,
5728643799,149.062625,-36.226519,
5728643663,148.849561,-36.374722,
5728641575,116.11913,-32.56602,
5728628531,145.899465,-37.859157,
5728548887,147.307337,-42.865754,
5728540615,150.72577,-33.61158,
5728520988,116.11904,-32.56591,
5728501383,150.84111,-34.4036,
5728477931,116.48699,-32.99188,
5728471986,115.29342,-29.92177,
5728468472,147.20049,-42.55598,
5728461727,145.572524,-37.560059,
5728440019,138.676234,-35.091744,
5728375323,148.845906,-36.414758,
5728347268,148.853128,-36.407228,
5728347177,148.849561,-36.374722,
5728347144,149.207533,-36.878731,
5728330327,138.650319,-35.101999,
5728297262,138.778137,-34.616255,
5728297187,138.782866,-34.620188,
5728237035,138.650715,-35.101944,
5728236987,138.650709,-35.102142,
5728207542,117.687632,-34.403644,
5728207508,117.15546,-34.619163,
5728206577,148.807681,-36.386917,
5728206445,148.965667,-36.287203,
5728206387,149.455342,-36.223378,
5728168276,149.335772,-36.674536,
5728144330,149.0097,-35.876683,
5728125414,149.11115,-36.273092,
5728114995,150.84216,-34.4029,
5728066602,150.27246,-32.4029,
5728045001,138.676234,-35.091744,
5728044712,138.650319,-35.101999,
5728026334,119.158039,-32.874588,
5728015694,150.636957,-35.15914,
5728015559,150.659444,-35.164264,
5728000776,138.650715,-35.101944,
5727999748,150.73423,-33.62075,
5727940453,115.788413,-32.44232,
5727894743,120.966131,-28.143134,
57278482,,,
5727846879,145.447883,-16.103417,
5727821760,150.86621,-33.77004,
5727821701,150.73213,-34.0494,
5727783974,149.01165,-35.874817,
5727783902,149.01088,-35.874867,
5727783511,149.0076,-35.881,
5727766480,148.865922,-36.441819,
5727758239,148.865994,-36.429603,
5727724531,115.258517,-30.111883,
5727701511,149.01088,-35.874867,
5727640788,116.42781,-32.93388,
5727639263,119.406333,-34.087694,
5727610493,145.549464,-37.55702,
5727606854,148.929694,-35.607278,
5727575864,145.903168,-37.847078,
5727575744,145.903778,-37.847345,
5727569191,148.795317,-35.422733,
5727564892,148.78455,-35.4463,
5727564565,148.950867,-35.601567,
5727541137,148.947464,-36.280297,
5727514658,149.01025,-35.876933,
5727501247,143.31325,-12.7805,
5727500134,149.0076,-35.881,
5727495956,115.30768,-29.85744,
5727488593,149.01025,-35.876933,
5727488459,149.01025,-35.876933,
5727475227,148.7826,-35.4502,
5727474997,148.795317,-35.422733,
5727465398,148.80225,-35.431,
5727460809,150.73224,-34.04879,
5727444183,148.80225,-35.431,
5727438344,152.878317,-27.387599,
5727438316,145.61195,-17.1036,
5727357995,138.6038,-33.9142,
5727347772,119.406333,-34.087694,
5727302989,138.7083,-34.88076,
5727293087,148.7831,-35.5655,
5727267584,148.7826,-35.4502,
5727259537,132.370453,-15.258583,
5727227099,146.683175,-43.097637,
5727223545,119.161556,-33.856778,
5727198949,145.820751,-37.650668,
5727185298,145.800642,-37.813164,
5727126219,148.25978,-23.82285,
5727113352,143.31107,-12.78149,
5727108629,133.249341,-22.282754,
5727097533,119.761694,-33.688361,
5727097503,119.434528,-33.809528,
5727043958,116.11904,-32.56591,
5726985356,119.434528,-33.809528,
5726886651,144.933751,-38.474784,
5726870485,130.794355,-13.179121,
5726817779,146.15472,-18.65067,
5726817621,151.10237,-33.73046,
5726817563,150.74562,-33.65373,
5726807968,150.79839,-33.65123,
5726753133,145.815847,-37.648942,
5726753032,145.866614,-37.805598,
5726703869,147.251047,-42.782137,
5726701683,152.878872,-27.386111,
5726686946,150.73385,-33.62103,
5726676218,132.370453,-15.258583,
5726591233,150.265414,-33.659823,
5726580487,116.44543,-32.91866,
5726545145,146.15472,-18.65067,
5726530341,119.341278,-34.381083,
5726518883,78.00521,-68.578682,
5726448079,150.31919,-33.6479,
5726445449,150.67021,-33.79639,
5726416651,148.960158,-36.27875,
5726407181,151.15686,-33.73623,
5726359582,135.81029,-12.50916,
5726290367,148.822417,-36.301164,
5726225284,148.870064,-36.346125,
5726225099,148.710961,-36.445069,
5726192188,116.17192,-32.52362,
5726149327,147.34673,-34.85649,
5726149302,142.19247,-35.01125,
5726118887,116.1582,-32.53369,
5726019046,143.90501,-35.81581,
5725944597,148.3021,-42.0578,
5725927721,105.644313,-10.483507,
5725927704,105.66671,-10.488053,
5725923148,151.04044,-33.74775,
5725914350,116.43892,-32.88975,
5725884382,147.309888,-42.898526,
5725858775,145.549464,-37.55702,
5725840282,116.45506,-32.91668,
5725828677,105.57078,-10.489,
5725823697,138.83405,-33.609,
5725807307,150.265414,-33.659823,
5725796648,136.703332,-14.224496,
5725749239,150.02722,-33.2204,
5725631550,145.508946,-37.535389,
5725631304,145.838735,-37.80073,
5725557926,145.902761,-37.84693,
5725535157,147.317363,-42.998045,
5725412541,148.960158,-36.27875,
5725378543,148.336683,-42.105769,
5725336485,145.838735,-37.80073,
5725278561,148.717181,-36.44835,
5725278533,148.863797,-36.429794,
5725278478,147.335685,-42.892565,
5725278379,147.314681,-42.901611,
5725268723,145.902761,-37.84693,
5725267673,116.43416,-32.9151,
5725258593,119.722139,-33.728389,
5725253999,148.960614,-36.297947,
5725253632,148.979397,-36.542064,
5725253497,148.822417,-36.301164,
5725233001,116.44985,-32.92279,
5725200715,149.304275,-36.523397,
5725200582,147.312254,-42.985238,
5725200344,148.853128,-36.407228,
5725127292,148.819186,-36.303347,
5725126640,116.43416,-32.9151,
5725107758,150.268179,-33.652818,
5725090956,148.869222,-36.440558,
5725090844,149.144725,-36.149825,
5725087247,116.44985,-32.92279,
5724826561,150.85921,-33.77502,
5724763682,145.557441,-37.522572,
5724763620,145.841171,-37.794544,
5724763440,145.90363,-37.846614,
5724745257,145.679384,-37.679516,
5724739304,151.3333,-33.3731,
5724731027,147.282644,-42.860117,
5724668009,116.47172,-32.92646,
5724648505,150.268179,-33.652818,
5724648439,150.265414,-33.659823,
5724593232,148.977022,-36.543678,
5724593144,148.831222,-36.323444,
5724593106,149.087528,-36.272572,
5724541109,148.870064,-36.346125,
5724540798,148.845906,-36.414758,
5724474526,151.3333,-33.3731,
5724391173,145.878728,-37.824785,
5724391136,145.54437,-37.51566,
5724363368,148.942142,-36.249064,
5724346335,145.903778,-37.847345,
5724344554,150.71983,-33.61007,
5724311299,147.335685,-42.892565,
5724305239,149.144725,-36.149825,
5724236774,138.654574,-35.091696,
5724178913,138.666994,-34.692037,
5723951729,145.79996,-31.5109,
5723894692,105.644313,-10.483507,
5723894671,105.566286,-10.495855,
5723894186,148.942142,-36.249064,
5723894033,148.851372,-36.376925,
5723867767,115.28867,-29.91327,
5723809179,147.336126,-42.889744,
5723809163,147.306201,-42.898545,
5723686373,105.573851,-10.481298,
5723686335,105.645465,-10.477036,
5723579865,138.698661,-34.719469,
5723215353,149.131419,-36.136358,
5723215301,148.947464,-36.280297,
5723173196,148.807681,-36.386917,
5723135522,145.904826,-37.866399,
5723135403,145.841171,-37.794544,
5723119623,105.654883,-10.416296,
5723070167,115.26918,-29.87544,
5723070124,115.2729,-29.9337,
5722946328,148.920297,-36.471972,
5722925469,149.596752,-30.20177,
5722890831,138.650709,-35.102142,
5722871169,115.760781,-31.713629,
5722829933,115.612736,-31.4117,
5722740024,150.364634,-33.578844,
5722567131,149.085244,-36.232858,
5722433445,145.778368,-37.828049,
5722410033,148.810981,-36.383111,
5722380436,119.918389,-33.877111,
5722362000,145.878728,-37.824785,
5722361870,145.584558,-37.486424,
5722301510,149.000283,-36.462169,
5722293537,110.658573,-66.41148,
5722293125,146.74094,-43.045499,
5722251471,145.904826,-37.866399,
5722197766,145.630883,-17.121083,
5722107713,145.54437,-37.51566,
5722107330,145.517865,-37.570246,
5722081315,145.905587,-37.867226,
5721915663,138.2613,-35.60827,
5721818576,149.01088,-35.874867,
5721765812,148.865922,-36.441819,
5721765437,148.920297,-36.471972,
5721711999,148.810981,-36.383111,
5721689927,119.918389,-33.877111,
5721689824,119.341278,-34.381083,
5721681096,148.7989,-35.43457,
5721681009,148.81485,-35.3929,
5721543034,110.658594,-66.411465,
5721531624,147.20049,-42.55598,
5721523177,150.73577,-33.62083,
5721522649,150.73385,-33.62103,
5721522624,150.73612,-33.61745,
5721421208,115.29968,-29.90274,
5721378488,143.85151,-39.9214,
5721260367,150.72268,-33.61517,
5721228996,148.80014,-35.3556,
5721228912,148.932083,-35.6055,
5721182155,143.31433,-12.7805,
5721181999,143.31419,-12.78239,
5721168933,148.7989,-35.43457,
5721168917,148.81105,-35.3912,
5721168856,148.8271,-35.3941,
5721144932,138.687703,-34.734146,
5721144810,138.682134,-34.782194,
5721106017,149.0097,-35.876683,
5721088463,150.736,-33.61623,
5721085260,150.73612,-33.61745,
5721058771,143.31445,-12.78028,
5721058612,143.31107,-12.78149,
5720982366,119.575694,-34.167694,
5720831680,149.000283,-36.462169,
5720817889,145.630883,-17.121083,
5720790875,149.062681,-36.140736,
5720664440,149.0097,-35.876683,
5720643862,147.17126,-41.75804,
5720595116,143.31859,-12.77157,
5720390753,144.9958,-37.8483,
5720383351,135.71916,-14.195246,
5720329082,116.48289,-32.97245,
5720296812,145.0535,-37.9415,
5720168261,115.0423,-30.0489,
5720168198,115.211567,-30.181567,
5720148906,144.9958,-37.8483,
5720137786,118.905108,-31.845833,
5720137766,120.314942,-30.788543,
5720119840,135.20189,-12.93256,
5720111930,144.933751,-38.474784,
5720032768,149.0083,-35.8811,
5720032707,148.151667,-35.656611,
5719882051,148.8305,-35.3365,
5719839206,145.620217,-17.092083,
5719831112,77.95444,-68.599691,
5719825187,150.658375,-35.128049,
5719603028,149.0076,-35.881,
5719489298,138.654574,-35.091696,
5719480079,138.705377,-34.657643,
5719400861,148.772433,-35.519917,
5719400726,148.821133,-35.396467,
5719353688,148.9125,-35.585983,
5719343164,135.71916,-14.195246,
5719330801,150.636957,-35.15914,
5719277180,145.1466,-37.9644,
5719137597,119.304,-34.216472,
5719137580,119.394722,-34.339778,
5719077195,119.425444,-34.192167,
5719075749,143.31891,-12.7769,
5719052440,149.596931,-30.201197,
5719013194,150.759602,-35.141945,
5719003931,150.88248,-33.61367,
5718961530,148.81105,-35.3912,
5718961479,148.8271,-35.3941,
5718936019,149.0083,-35.8811,
5718935813,149.0083,-35.8811,
5718837061,138.698661,-34.719469,
5716410375,126.1,41.57,
5281623015,125.944,41.4504,
5207080339,,,
5207042340,125.894,41.4417,
5207019349,,,
5188313962,133.873838,43.429837,
5188228383,133.874253,43.430828,
5108234340,133.879987,44.360679,
5104724620,133.933965,44.346044,
5064899068,128.4148,38.02073,
5064899063,128.3023,37.73915,
5064841658,127.4225,35.6025,
5011384612,128.689247,37.487756,
4982788070,176.4,-38.1,
4982424245,,,
4958576647,,,
4958570133,,,
4958535130,,,
4958523044,,,
4921017132,127.848,43.889,
4908959846,128.06751,37.55007,
4906915556,1.97646,7.93117,
4856559648,,,
465148076,,,
465002820,,,
4608253900,125.889,8.576,
4608253891,125.889,8.576,
4608253890,125.889,8.576,
4608253882,125.889,8.576,
4608253880,125.889,8.576,
4608253879,125.889,8.576,
4608253863,125.889,8.576,
4608249152,122.007,6.975,
4597687274,132.5722,43.0426,
4527904542,,,
4527872077,,,
4527473258,,,
4522706398,133.560746,44.331008,
4521397423,,,
4420622198,,,
4405916741,,,
4405916732,,,
439601893,,,
438935496,,,
4171633765,128.055114,37.555512,
4171551945,128.013874,37.532492,
4164974137,127.51244,36.03422,
4161969530,131.479294,43.184655,
4155187670,,,
4155182700,,,
4152825401,,,
4134346586,,,
4130409126,0.0,0.0,zero_coord;
4126986723,131.504942,43.082145,
4072822313,,,
4072757973,,,
4066094305,132.841,43.8992,
4066094304,131.6564,43.4585,
4066094303,133.9499,43.059,
4066094302,132.507,43.683,
4066092332,133.5854,42.9518,
4066092331,134.0472,43.217,
4066092330,135.1415,44.3247,
4066092329,134.3041,45.4611,
4066089344,132.5497,43.1957,
4066089343,131.7482,43.8337,
4066008310,132.1878,43.247,
4066008309,132.1682,43.9534,
4066006321,131.3946,43.0724,
4066006320,133.8375,43.3894,
4066006319,132.8247,43.7131,
4066006318,134.1881,44.3066,
4066006317,134.1549,45.7025,
4066005350,133.012,43.1233,
4066005349,133.3581,44.4154,
4066005348,134.5036,45.5312,
4066004345,132.8231,43.0678,
4066004344,131.5401,44.4702,
4066003306,131.2785,43.2246,
4066003305,131.6861,43.2955,
4066003304,132.1582,43.6107,
4061517182,-83.26805,35.20444,
4059395430,88.363018,22.527208,
4017119534,,,
4013379622,,,
4013364645,,,
4007332788,128.689247,37.487756,
3992896235,,,
3992878029,,,
3992793101,,,
3992768558,,,
3992753598,,,
3992752861,,,
3990240992,,,
3990223207,,,
3987211194,,,
3987199266,,,
3987068285,,,
3969649658,,,
3969304268,,,
3969278988,,,
3969191737,,,
3969114862,,,
3969094719,,,
3969085489,,,
3969084655,,,
3969071669,,,
3969061761,,,
3969030694,,,
3968796698,,,
3968791653,,,
3961960684,,,
3961960631,,,
3961960630,,,
3961960629,,,
3961960626,,,
3961960625,,,
3961960624,,,
3961960623,,,
3961960622,,,
3961960621,,,
3961960611,,,
3961960610,,,
3961960609,,,
3961960608,,,
3961960607,,,
3961960606,,,
3961960605,,,
3961960604,,,
3961960603,,,
3961960602,,,
3946902809,,,
3946902808,,,
3946902802,,,
3866757535,128.068056,42.050556,
3866757493,128.068056,42.050556,
3818298101,,,
3818267594,,,
3818255589,,,
3766287604,,,
3751293577,,,
3470204349,135.0979,44.349,
3470202338,135.084,44.4252,
3467312433,,,
3465041408,135.421,45.7895,
3465037505,135.2939,45.7805,
3465026392,135.3568,45.7781,
3464959263,131.4909,43.1025,
3464951569,134.9004,48.2357,
3464890377,135.3062,45.7469,
3464890350,135.3167,45.7859,
3464842504,131.1328,43.0609,
3464828512,133.9572,43.0994,
3464826160,132.5189,43.6412,
3444375471,128.417031,35.584878,
3443362124,,,
3442368131,,,
3439975518,,,
3439885786,,,
3439697562,,,
3439659466,,,
3436252910,,,
3422594982,128.210472,36.819694,
3422584930,128.503767,37.26885,
3422584928,128.628594,37.312836,
3413535268,138.4375,36.227917,
3399124768,132.69132,43.197277,
3398720872,132.792689,43.113804,
3398655859,132.646366,43.070774,
3358527540,133.2642,45.1324,
3351712572,,,
3351681603,,,
3351677642,,,
3351674715,,,
3351618648,,,
3351606936,,,
3351605832,,,
3351549778,,,
3351516795,,,
3351255081,,,
3351246194,,,
3351121131,,,
3350562605,125.95,40.98,
3350502477,127.34,42.55,
3350484694,127.34,42.55,
3350456639,127.34,42.55,
3350436906,127.34,42.55,
3350138463,,,
3350102409,,,
3350001235,,,
3349864331,,,
3349863216,,,
3349854086,,,
3349707737,,,
3349702770,,,
3349692663,,,
3349230704,,,
3349145526,,,
3349140743,,,
3349043605,,,
3348565893,,,
3348543925,,,
3348493839,,,
3348106683,,,
3347664658,,,
3347594531,,,
3347576397,,,
3347538488,,,
3347479584,125.95,40.98,
3347229792,,,
3347229560,,,
3347165617,,,
3347109654,,,
3346741170,,,
3346725000,,,
3346689037,,,
3346676097,,,
3346468383,,,
3346466328,,,
3346463398,,,
3346456570,,,
3346426302,,,
3346418359,,,
3346404203,,,
3346395237,,,
3324297844,138.5,36.227917,
3323119739,141.3531,43.0363,
311133055,,,
3045032646,10.671,63.434,
3002181732,127.533647,35.730447,
3002152379,128.263778,38.176806,
3002042304,124.71317,37.975675,
2818513298,132.410896,43.321371,
2611211469,132.470067,43.677455,
2609507068,126.618805,37.934014,
2609424133,126.784838,37.606609,
2609422786,127.05,36.783333,
2609422780,126.393981,37.691383,
2609421022,126.393981,37.691383,
2513169997,,,
2513169378,,,
2465016390,,,
2443057304,127.597264,35.362305,
2429045253,,,
2429040260,,,
2429039926,,,
2429038593,,,
2429038343,,,
2429038327,,,
2429038092,,,
2429023543,,,
2429017098,,,
2429016333,,,
2429016303,,,
2429015852,,,
2429002915,,,
2429002596,,,
2429002472,,,
2429002379,,,
2429002371,,,
2429002351,,,
2429001606,,,
2429001291,,,
2429001180,,,
2429000704,,,
2429000454,,,
2429000249,,,
2429000204,,,
2429000181,,,
2428999974,,,
2428999919,,,
2428999737,,,
2428998986,,,
2428998976,,,
2428998374,,,
2428998265,,,
2428997885,,,
2428997555,,,
2428950042,,,
2417604537,127.28,42.34,
2417600317,127.28,42.34,
2417466011,128.51,42.78,
2274984763,,,
2274984164,,,
2274967954,,,
2268985947,,,
2250698133,,,
2250691715,,,
2250687202,,,
2250683131,,,
2250682610,,,
2250669467,,,
2250666660,104.69114,38.073254,
2250665655,104.69114,38.073254,
2250665572,104.69114,38.073254,
2250665517,104.69114,38.073254,
2250664962,104.69114,38.073254,
2250664312,104.69114,38.073254,
2250642192,,,
2250585126,104.69114,38.073254,
2250560089,,,
2250560073,,,
2250560048,,,
2250560028,,,
2250560019,,,
2250559995,,,
2250559993,,,
2250559989,,,
2250559987,,,
2250559966,,,
2250559960,,,
2250559937,,,
2250559878,,,
2250559877,,,
2250559874,,,
2250559873,,,
2250559861,,,
2250559855,,,
2250559846,,,
2250559843,,,
2250559842,,,
2250559810,,,
2250559805,,,
2250559768,,,
2250559743,,,
2250559734,,,
2250559726,,,
2250559675,,,
2250559657,,,
2250559592,,,
2250559590,,,
2250559582,,,
2250559570,,,
2250559472,,,
2250559434,,,
2250559416,,,
2250559392,,,
2250559344,,,
2250559330,,,
2250559074,,,
2250559043,,,
2250558873,,,
2250349653,,,
2250348596,,,
2250347472,104.69114,38.073254,
2250346080,,,
2250345879,104.69114,38.073254,
2250345226,104.69114,38.073254,
2250344383,104.69114,38.073254,
2250342595,,,
2250340618,,,
2250331114,127.762245,36.402386,
2250329964,104.69114,38.073254,
2250319809,,,
2250318224,104.69114,38.073254,
2250256594,,,
2250255790,,,
2250255735,,,
2250255572,,,
2250255225,,,
2250254684,,,
2250254627,,,
2250253930,,,
2250253700,,,
1993766860,133.074669,42.866146,
1990271739,7.114838,7.114659,
1848869100,,,
1848868870,,,
1830992144,,,
1808666233,,,
1808666221,,,
1808666205,,,
1808666202,,,
1808666186,,,
1808666150,,,
1808666089,,,
1808522847,,,
1808448033,,,
1702143799,,,
1697860812,,,
1697860774,,,
1697860730,,,
1697265516,132.929067,43.886108,
1697265502,132.52739,43.661911,
1697265499,134.080733,43.184964,
1697265495,132.930431,43.889936,
1697265489,133.970662,42.976097,
1697265487,,,
1697265479,133.970662,42.976097,
1697265473,133.970662,42.976097,
1697265471,,,
1697265466,135.093944,44.340803,
1697265464,132.929067,43.886108,
1697265463,132.929067,43.886108,
1697265460,,,
1697265459,134.951237,45.821288,
1697265458,132.929067,43.886108,
1697265455,134.048551,43.475409,
1697265449,,,
1697265437,132.929067,43.886108,
1697265419,133.970662,42.976097,
1453133356,,,
1322416678,,,
1321385311,,,
1303642125,,,
1303642094,,,
1302896000,,,
1258770402,,,
1258769849,,,
1258602239,,,
1258602021,-122.370692,37.727807,
1258568247,-122.58333,47.66666,
1258567822,-122.58333,47.66666,
1258521730,-90.35055,38.65305,
1228046747,,,
1123901287,-75.609695,6.257693,
1123894639,-75.571515,6.926773,
1123892362,-73.01577,4.02421,
1038223229,,,
1030767740,110.032936,29.887732,
1030707458,125.241448,41.241126,
1030707433,127.280731,42.341933,
1030707408,127.280731,42.341933,
1030707382,128.514494,42.786504,
1030664460,124.028016,45.00485,
