standard_field,source_field,present
gbifID,gbifID,Yes
scientificName,scientificName,Yes
acceptedScientificName,,No
taxonKey,taxonKey,Yes
species,species,Yes
genus,genus,Yes
decimalLongitude,decimalLongitude,Yes
decimalLatitude,decimalLatitude,Yes
coordinateUncertaintyInMeters,coordinateUncertaintyInMeters,Yes
countryCode,countryCode,Yes
stateProvince,stateProvince,Yes
locality,locality,Yes
year,year,Yes
eventDate,eventDate,Yes
basisOfRecord,basisOfRecord,Yes
occurrenceStatus,occurrenceStatus,Yes
establishmentMeans,establishmentMeans,Yes
occurrenceRemarks,,No
habitat,,No
datasetKey,datasetKey,Yes
institutionCode,institutionCode,Yes
collectionCode,collectionCode,Yes
issues,,No
