gbifID,datasetKey,countryCode,decimalLatitude,decimalLongitude,coordinateUncertaintyInMeters,basisOfRecord,license,taxon_keep,coord_valid,coordinate_quality,coord_quality_pass,coord_duplicate,status_absent,cultivation_flag,cultivation_reason,geo_flag,is_final_candidate
1258568247,7bd65a7a-f762-11e1-a439-00145eb45e9a,US,47.66666,-122.58333,,PRESERVED_SPECIMEN,CC_BY_4_0,True,True,unknown,True,False,False,False,,,True
1258602021,7bd65a7a-f762-11e1-a439-00145eb45e9a,US,37.727807,-122.370692,,PRESERVED_SPECIMEN,CC_BY_4_0,True,True,unknown,True,False,False,False,,,True
1258521730,7bd65a7a-f762-11e1-a439-00145eb45e9a,US,38.65305,-90.35055,,PRESERVED_SPECIMEN,CC_BY_4_0,True,True,unknown,True,False,False,False,,,True
4061517182,e053ff53-c156-4e2e-b9b5-4462e9625424,US,35.20444,-83.26805,,PRESERVED_SPECIMEN,CC_BY_4_0,True,True,unknown,True,False,False,False,,,True
1123901287,23243164-c132-444d-a3a4-34662abb8305,CO,6.257693,-75.609695,17885.0,PRESERVED_SPECIMEN,CC0_1_0,True,True,very_low,False,False,False,False,,,True
1123894639,23243164-c132-444d-a3a4-34662abb8305,CO,6.926773,-75.571515,237290.0,PRESERVED_SPECIMEN,CC0_1_0,True,True,very_low,False,False,False,False,,,True
1123892362,23243164-c132-444d-a3a4-34662abb8305,CO,4.02421,-73.01577,998820.0,PRESERVED_SPECIMEN,CC0_1_0,True,True,very_low,False,False,False,False,,,True
4906915556,15f819bd-6612-4447-854b-14d12ee1022d,BJ,7.93117,1.97646,,PRESERVED_SPECIMEN,CC0_1_0,True,True,unknown,True,False,False,False,,,True
1990271739,eb273c21-e94a-48df-a599-4f869502b4eb,NG,7.114659,7.114838,,PRESERVED_SPECIMEN,CC_BY_NC_4_0,True,True,unknown,True,False,False,False,,,True
3045032646,9807df89-7446-4aab-8ec8-fd837085c1a1,NO,63.434,10.671,5000.0,LIVING_SPECIMEN,CC_BY_4_0,True,True,medium,True,False,False,False,,,True
5719831112,efe230b2-0a42-41ec-b50a-f3c19ca4a99b,AQ,-68.599691,77.95444,,MATERIAL_SAMPLE,CC0_1_0,True,True,unknown,True,False,False,False,,,True
5726518883,efe230b2-0a42-41ec-b50a-f3c19ca4a99b,AQ,-68.578682,78.00521,,MATERIAL_SAMPLE,CC0_1_0,True,True,unknown,True,False,False,False,,,True
2250666660,040c5662-da76-4782-a48e-cdea1892d14c,CN,38.073254,104.69114,,MATERIAL_SAMPLE,CC_BY_4_0,True,True,unknown,True,False,False,False,,,True
5729894798,efe230b2-0a42-41ec-b50a-f3c19ca4a99b,CX,-10.492911,105.569857,,MATERIAL_SAMPLE,CC0_1_0,True,True,unknown,True,False,False,False,,,True
5725927721,efe230b2-0a42-41ec-b50a-f3c19ca4a99b,CX,-10.483507,105.644313,,MATERIAL_SAMPLE,CC0_1_0,True,True,unknown,True,False,False,False,,,True
5725927704,efe230b2-0a42-41ec-b50a-f3c19ca4a99b,CX,-10.488053,105.66671,,MATERIAL_SAMPLE,CC0_1_0,True,True,unknown,True,False,False,False,,,True
5723119623,efe230b2-0a42-41ec-b50a-f3c19ca4a99b,CX,-10.416296,105.654883,,MATERIAL_SAMPLE,CC0_1_0,True,True,unknown,True,False,False,False,,,True
1030767740,196ac794-b2c2-40d4-8e6a-649d0abc324d,CN,29.887732,110.032936,,PRESERVED_SPECIMEN,CC_BY_4_0,True,True,unknown,True,False,False,False,,,True
5729988553,efe230b2-0a42-41ec-b50a-f3c19ca4a99b,AQ,-66.411376,110.658212,,MATERIAL_SAMPLE,CC0_1_0,True,True,unknown,True,False,False,False,,,True
5720168261,efe230b2-0a42-41ec-b50a-f3c19ca4a99b,AU,-30.0489,115.0423,,MATERIAL_SAMPLE,CC0_1_0,True,True,unknown,True,False,False,False,,,True
5730191252,efe230b2-0a42-41ec-b50a-f3c19ca4a99b,AU,-30.0912,115.15305,,MATERIAL_SAMPLE,CC0_1_0,True,True,unknown,True,False,False,False,,,True
5720168198,efe230b2-0a42-41ec-b50a-f3c19ca4a99b,AU,-30.181567,115.211567,,MATERIAL_SAMPLE,CC0_1_0,True,True,unknown,True,False,False,False,,,True
5727724531,efe230b2-0a42-41ec-b50a-f3c19ca4a99b,AU,-30.111883,115.258517,,MATERIAL_SAMPLE,CC0_1_0,True,True,unknown,True,False,False,False,,,True
5723070124,efe230b2-0a42-41ec-b50a-f3c19ca4a99b,AU,-29.9337,115.2729,,MATERIAL_SAMPLE,CC0_1_0,True,True,unknown,True,False,False,False,,,True
5723867767,efe230b2-0a42-41ec-b50a-f3c19ca4a99b,AU,-29.91327,115.28867,,MATERIAL_SAMPLE,CC0_1_0,True,True,unknown,True,False,False,False,,,True
5723070167,efe230b2-0a42-41ec-b50a-f3c19ca4a99b,AU,-29.87544,115.26918,,MATERIAL_SAMPLE,CC0_1_0,True,True,unknown,True,False,False,False,,,True
5728471986,efe230b2-0a42-41ec-b50a-f3c19ca4a99b,AU,-29.92177,115.29342,,MATERIAL_SAMPLE,CC0_1_0,True,True,unknown,True,False,False,False,,,True
5727495956,efe230b2-0a42-41ec-b50a-f3c19ca4a99b,AU,-29.85744,115.30768,,MATERIAL_SAMPLE,CC0_1_0,True,True,unknown,True,False,False,False,,,True
5722829933,efe230b2-0a42-41ec-b50a-f3c19ca4a99b,AU,-31.4117,115.612736,,MATERIAL_SAMPLE,CC0_1_0,True,True,unknown,True,False,False,False,,,True
5722871169,efe230b2-0a42-41ec-b50a-f3c19ca4a99b,AU,-31.713629,115.760781,,MATERIAL_SAMPLE,CC0_1_0,True,True,unknown,True,False,False,False,,,True
5727940453,efe230b2-0a42-41ec-b50a-f3c19ca4a99b,AU,-32.44232,115.788413,,MATERIAL_SAMPLE,CC0_1_0,True,True,unknown,True,False,False,False,,,True
5729172554,efe230b2-0a42-41ec-b50a-f3c19ca4a99b,AU,-31.586669,115.795397,,MATERIAL_SAMPLE,CC0_1_0,True,True,unknown,True,False,False,False,,,True
5730044528,efe230b2-0a42-41ec-b50a-f3c19ca4a99b,AU,-32.60501,116.0519,,MATERIAL_SAMPLE,CC0_1_0,True,True,unknown,True,False,False,False,,,True
5728641575,efe230b2-0a42-41ec-b50a-f3c19ca4a99b,AU,-32.56602,116.11913,,MATERIAL_SAMPLE,CC0_1_0,True,True,unknown,True,False,False,False,,,True
5726192188,efe230b2-0a42-41ec-b50a-f3c19ca4a99b,AU,-32.52362,116.17192,,MATERIAL_SAMPLE,CC0_1_0,True,True,unknown,True,False,False,False,,,True
5730408627,efe230b2-0a42-41ec-b50a-f3c19ca4a99b,AU,-32.57229,116.22374,,MATERIAL_SAMPLE,CC0_1_0,True,True,unknown,True,False,False,False,,,True
5729997631,efe230b2-0a42-41ec-b50a-f3c19ca4a99b,AU,-32.93388,116.42781,,MATERIAL_SAMPLE,CC0_1_0,True,True,unknown,True,False,False,False,,,True
5729567150,efe230b2-0a42-41ec-b50a-f3c19ca4a99b,AU,-32.89086,116.44391,,MATERIAL_SAMPLE,CC0_1_0,True,True,unknown,True,False,False,False,,,True
5728477931,efe230b2-0a42-41ec-b50a-f3c19ca4a99b,AU,-32.99188,116.48699,,MATERIAL_SAMPLE,CC0_1_0,True,True,unknown,True,False,False,False,,,True
5724668009,efe230b2-0a42-41ec-b50a-f3c19ca4a99b,AU,-32.92646,116.47172,,MATERIAL_SAMPLE,CC0_1_0,True,True,unknown,True,False,False,False,,,True
5728207508,efe230b2-0a42-41ec-b50a-f3c19ca4a99b,AU,-34.619163,117.15546,,MATERIAL_SAMPLE,CC0_1_0,True,True,unknown,True,False,False,False,,,True
5728207542,efe230b2-0a42-41ec-b50a-f3c19ca4a99b,AU,-34.403644,117.687632,,MATERIAL_SAMPLE,CC0_1_0,True,True,unknown,True,False,False,False,,,True
5720137786,efe230b2-0a42-41ec-b50a-f3c19ca4a99b,AU,-31.845833,118.905108,,MATERIAL_SAMPLE,CC0_1_0,True,True,unknown,True,False,False,False,,,True
5727223545,efe230b2-0a42-41ec-b50a-f3c19ca4a99b,AU,-33.856778,119.161556,,MATERIAL_SAMPLE,CC0_1_0,True,True,unknown,True,False,False,False,,,True
5728026334,efe230b2-0a42-41ec-b50a-f3c19ca4a99b,AU,-32.874588,119.158039,,MATERIAL_SAMPLE,CC0_1_0,True,True,unknown,True,False,False,False,,,True
5726530341,efe230b2-0a42-41ec-b50a-f3c19ca4a99b,AU,-34.381083,119.341278,,MATERIAL_SAMPLE,CC0_1_0,True,True,unknown,True,False,False,False,,,True
5719137597,efe230b2-0a42-41ec-b50a-f3c19ca4a99b,AU,-34.216472,119.304,,MATERIAL_SAMPLE,CC0_1_0,True,True,unknown,True,False,False,False,,,True
5719137580,efe230b2-0a42-41ec-b50a-f3c19ca4a99b,AU,-34.339778,119.394722,,MATERIAL_SAMPLE,CC0_1_0,True,True,unknown,True,False,False,False,,,True
5719077195,efe230b2-0a42-41ec-b50a-f3c19ca4a99b,AU,-34.192167,119.425444,,MATERIAL_SAMPLE,CC0_1_0,True,True,unknown,True,False,False,False,,,True
5727639263,efe230b2-0a42-41ec-b50a-f3c19ca4a99b,AU,-34.087694,119.406333,,MATERIAL_SAMPLE,CC0_1_0,True,True,unknown,True,False,False,False,,,True
5727097503,efe230b2-0a42-41ec-b50a-f3c19ca4a99b,AU,-33.809528,119.434528,,MATERIAL_SAMPLE,CC0_1_0,True,True,unknown,True,False,False,False,,,True
5720982366,efe230b2-0a42-41ec-b50a-f3c19ca4a99b,AU,-34.167694,119.575694,,MATERIAL_SAMPLE,CC0_1_0,True,True,unknown,True,False,False,False,,,True
5729080956,efe230b2-0a42-41ec-b50a-f3c19ca4a99b,AU,-33.728389,119.722139,,MATERIAL_SAMPLE,CC0_1_0,True,True,unknown,True,False,False,False,,,True
5729080999,efe230b2-0a42-41ec-b50a-f3c19ca4a99b,AU,-33.688361,119.761694,,MATERIAL_SAMPLE,CC0_1_0,True,True,unknown,True,False,False,False,,,True
5722380436,efe230b2-0a42-41ec-b50a-f3c19ca4a99b,AU,-33.877111,119.918389,,MATERIAL_SAMPLE,CC0_1_0,True,True,unknown,True,False,False,False,,,True
5730313584,efe230b2-0a42-41ec-b50a-f3c19ca4a99b,AU,-33.847139,119.915056,,MATERIAL_SAMPLE,CC0_1_0,True,True,unknown,True,False,False,False,,,True
5720137766,efe230b2-0a42-41ec-b50a-f3c19ca4a99b,AU,-30.788543,120.314942,,MATERIAL_SAMPLE,CC0_1_0,True,True,unknown,True,False,False,False,,,True
5727894743,efe230b2-0a42-41ec-b50a-f3c19ca4a99b,AU,-28.143134,120.966131,,MATERIAL_SAMPLE,CC0_1_0,True,True,unknown,True,False,False,False,,,True
4608249152,22b97c7f-64d8-4f15-b558-fd695a2c3c2d,PH,6.975,122.007,,MATERIAL_CITATION,CC_BY_NC_4_0,True,True,unknown,True,False,False,False,,,True
1030664460,614d7304-af7c-4613-81d8-488e81e28229,CN,45.00485,124.028016,,PRESERVED_SPECIMEN,CC_BY_4_0,True,True,unknown,True,False,False,False,,,True
3002042304,ef6e0754-8bf2-4854-9aa3-3a2a1a90810b,KR,37.975675,124.71317,,HUMAN_OBSERVATION,CC_BY_NC_4_0,True,True,unknown,True,False,False,False,,,True
1030707458,614d7304-af7c-4613-81d8-488e81e28229,CN,41.241126,125.241448,,PRESERVED_SPECIMEN,CC_BY_4_0,True,True,unknown,True,False,False,False,,,True
4608253900,22b97c7f-64d8-4f15-b558-fd695a2c3c2d,PH,8.576,125.889,,MATERIAL_CITATION,CC_BY_NC_4_0,True,True,unknown,True,False,False,False,,,True
6341231331,821cc27a-e3bb-4bc5-ac34-89ada245069d,CN,41.4417,125.894,,PRESERVED_SPECIMEN,CC0_1_0,True,True,unknown,True,False,False,False,,,True
3350562605,d8cd16ba-bb74-4420-821e-083f2bac17c2,CN,40.98,125.95,,PRESERVED_SPECIMEN,CC_BY_4_0,True,True,unknown,True,False,False,False,,,True
6341215410,821cc27a-e3bb-4bc5-ac34-89ada245069d,CN,41.4504,125.944,,PRESERVED_SPECIMEN,CC0_1_0,True,True,unknown,True,False,False,False,,,True
6341233352,821cc27a-e3bb-4bc5-ac34-89ada245069d,CN,41.57,126.1,,PRESERVED_SPECIMEN,CC0_1_0,True,True,unknown,True,False,False,False,,,True
2609422780,6258c1c8-b27e-4497-8079-ac084029b81b,KR,37.691383,126.393981,10000.0,PRESERVED_SPECIMEN,CC_BY_4_0,True,True,low,True,False,False,False,,,True
2609507068,51fa6038-895d-4ed7-bf80-0754fa4d5f54,KR,37.934014,126.618805,,PRESERVED_SPECIMEN,CC_BY_NC_4_0,True,True,unknown,True,False,False,False,,,True
2609424133,6258c1c8-b27e-4497-8079-ac084029b81b,KR,37.606609,126.784838,2000.0,PRESERVED_SPECIMEN,CC_BY_4_0,True,True,medium,True,False,False,False,,,True
6334202486,50c9509d-22c7-4a22-a47d-8c48425ef4a7,KR,37.316727,126.992295,,HUMAN_OBSERVATION,CC_BY_NC_4_0,True,True,unknown,True,False,False,False,,,True
2609422786,6258c1c8-b27e-4497-8079-ac084029b81b,KR,36.783333,127.05,2000.0,PRESERVED_SPECIMEN,CC_BY_4_0,True,True,medium,True,False,False,False,,,True
2417604537,3942a8dc-9f01-420d-a829-01675dc01c73,CN,42.34,127.28,,PRESERVED_SPECIMEN,CC_BY_4_0,True,True,unknown,True,False,False,False,,,True
3350502477,d8cd16ba-bb74-4420-821e-083f2bac17c2,CN,42.55,127.34,,PRESERVED_SPECIMEN,CC_BY_4_0,True,True,unknown,True,False,False,False,,,True
5064841658,080ffaf0-8daf-48bb-b063-3d729c80cb70,KR,35.6025,127.4225,,HUMAN_OBSERVATION,CC_BY_NC_4_0,True,True,unknown,True,False,False,False,,,True
3002181732,ef6e0754-8bf2-4854-9aa3-3a2a1a90810b,KR,35.730447,127.533647,,HUMAN_OBSERVATION,CC_BY_NC_4_0,True,True,unknown,True,False,False,False,,,True
4164974137,08052899-d409-4b08-8a98-bcee2c350494,KR,36.03422,127.51244,,PRESERVED_SPECIMEN,CC0_1_0,True,True,unknown,True,False,False,False,,,True
2443057304,51fa6038-895d-4ed7-bf80-0754fa4d5f54,KR,35.362305,127.597264,,PRESERVED_SPECIMEN,CC_BY_NC_4_0,True,True,unknown,True,False,False,False,,,True
2250331114,040c5662-da76-4782-a48e-cdea1892d14c,KR,36.402386,127.762245,,MATERIAL_SAMPLE,CC_BY_4_0,True,True,unknown,True,False,False,False,,,True
5864710235,040c5662-da76-4782-a48e-cdea1892d14c,KR,36.9435,127.754,,MATERIAL_SAMPLE,CC_BY_4_0,True,True,unknown,True,False,False,False,,,True
4921017132,8f4ec71e-ca9f-42d6-9b08-008325dc5389,CN,43.889,127.848,,PRESERVED_SPECIMEN,CC_BY_4_0,True,True,unknown,True,False,False,False,,,True
4171551945,50c9509d-22c7-4a22-a47d-8c48425ef4a7,KR,37.532492,128.013874,28388.0,HUMAN_OBSERVATION,CC_BY_NC_4_0,True,True,very_low,False,False,False,False,,,True
6353352675,50c9509d-22c7-4a22-a47d-8c48425ef4a7,KR,37.550613,128.068787,488.0,HUMAN_OBSERVATION,CC_BY_NC_4_0,True,True,high,True,False,False,False,,,True
3866757535,19c3400b-b7bb-425f-b8c5-f222648b86b2,CN,42.050556,128.068056,,PRESERVED_SPECIMEN,CC_BY_4_0,True,True,unknown,True,False,False,False,,,True
3422594982,0c4dc4f2-c11e-4e8b-8169-cabac6384735,KR,36.819694,128.210472,,HUMAN_OBSERVATION,CC0_1_0,True,True,unknown,True,False,False,False,,,True
3002152379,ef6e0754-8bf2-4854-9aa3-3a2a1a90810b,KR,38.176806,128.263778,,HUMAN_OBSERVATION,CC_BY_NC_4_0,True,True,unknown,True,False,False,False,,,True
5064899063,080ffaf0-8daf-48bb-b063-3d729c80cb70,KR,37.73915,128.3023,,HUMAN_OBSERVATION,CC_BY_NC_4_0,True,True,unknown,True,False,False,False,,,True
3444375471,1e09d985-8f58-4a34-ab86-17e55f203c8a,KR,35.584878,128.417031,,HUMAN_OBSERVATION,CC0_1_0,True,True,unknown,True,False,False,False,,,True
5064899068,080ffaf0-8daf-48bb-b063-3d729c80cb70,KR,38.02073,128.4148,,HUMAN_OBSERVATION,CC_BY_NC_4_0,True,True,unknown,True,False,False,False,,,True
3422584930,0c4dc4f2-c11e-4e8b-8169-cabac6384735,KR,37.26885,128.503767,,HUMAN_OBSERVATION,CC0_1_0,True,True,unknown,True,False,False,False,,,True
2417466011,3942a8dc-9f01-420d-a829-01675dc01c73,CN,42.78,128.51,,PRESERVED_SPECIMEN,CC_BY_4_0,True,True,unknown,True,False,False,False,,,True
3422584928,0c4dc4f2-c11e-4e8b-8169-cabac6384735,KR,37.312836,128.628594,,HUMAN_OBSERVATION,CC0_1_0,True,True,unknown,True,False,False,False,,,True
5011384612,e3fa679e-4b19-441f-bdbb-f292416e5d34,KR,37.487756,128.689247,,HUMAN_OBSERVATION,CC0_1_0,True,True,unknown,True,False,False,False,,,True
5726870485,efe230b2-0a42-41ec-b50a-f3c19ca4a99b,AU,-13.179121,130.794355,,MATERIAL_SAMPLE,CC0_1_0,True,True,unknown,True,False,False,False,,,True
3464842504,4d1b5fed-e12f-48e8-94cb-88cf80115dd1,RU,43.0609,131.1328,80000.0,HUMAN_OBSERVATION,CC_BY_4_0,True,True,very_low,False,False,False,False,,,True
4066003306,c4810740-506c-434a-b687-ce0275918a60,RU,43.2246,131.2785,12500.0,HUMAN_OBSERVATION,CC_BY_4_0,True,True,very_low,False,False,False,False,,,True
4066006321,c4810740-506c-434a-b687-ce0275918a60,RU,43.0724,131.3946,12500.0,HUMAN_OBSERVATION,CC_BY_4_0,True,True,very_low,False,False,False,False,,,True
4126986723,50c9509d-22c7-4a22-a47d-8c48425ef4a7,RU,43.082145,131.504942,27537.0,HUMAN_OBSERVATION,CC_BY_NC_4_0,True,True,very_low,False,False,False,False,,,True
3464959263,4d1b5fed-e12f-48e8-94cb-88cf80115dd1,RU,43.1025,131.4909,9200.0,HUMAN_OBSERVATION,CC_BY_4_0,True,True,low,True,False,False,False,,,True
4161969530,50c9509d-22c7-4a22-a47d-8c48425ef4a7,RU,43.184655,131.479294,892.0,HUMAN_OBSERVATION,CC_BY_NC_4_0,True,True,high,True,False,False,False,,,True
4066004344,c4810740-506c-434a-b687-ce0275918a60,RU,44.4702,131.5401,12500.0,HUMAN_OBSERVATION,CC_BY_4_0,True,True,very_low,False,False,False,False,,,True
4066003305,c4810740-506c-434a-b687-ce0275918a60,RU,43.2955,131.6861,12500.0,HUMAN_OBSERVATION,CC_BY_4_0,True,True,very_low,False,False,False,False,,,True
4066094304,c4810740-506c-434a-b687-ce0275918a60,RU,43.4585,131.6564,12500.0,HUMAN_OBSERVATION,CC_BY_4_0,True,True,very_low,False,False,False,False,,,True
4066089343,c4810740-506c-434a-b687-ce0275918a60,RU,43.8337,131.7482,12500.0,HUMAN_OBSERVATION,CC_BY_4_0,True,True,very_low,False,False,False,False,,,True
4066003304,c4810740-506c-434a-b687-ce0275918a60,RU,43.6107,132.1582,12500.0,HUMAN_OBSERVATION,CC_BY_4_0,True,True,very_low,False,False,False,False,,,True
4066008309,c4810740-506c-434a-b687-ce0275918a60,RU,43.9534,132.1682,12500.0,HUMAN_OBSERVATION,CC_BY_4_0,True,True,very_low,False,False,False,False,,,True
5729906587,efe230b2-0a42-41ec-b50a-f3c19ca4a99b,AU,-30.895177,132.222578,,MATERIAL_SAMPLE,CC0_1_0,True,True,unknown,True,False,False,False,,,True
4066008310,c4810740-506c-434a-b687-ce0275918a60,RU,43.247,132.1878,12500.0,HUMAN_OBSERVATION,CC_BY_4_0,True,True,very_low,False,False,False,False,,,True
5727259537,efe230b2-0a42-41ec-b50a-f3c19ca4a99b,AU,-15.258583,132.370453,,MATERIAL_SAMPLE,CC0_1_0,True,True,unknown,True,False,False,False,,,True
2818513298,50c9509d-22c7-4a22-a47d-8c48425ef4a7,RU,43.321371,132.410896,,HUMAN_OBSERVATION,CC_BY_NC_4_0,True,True,unknown,True,False,False,False,,,True
2611211469,50c9509d-22c7-4a22-a47d-8c48425ef4a7,RU,43.677455,132.470067,4403.0,HUMAN_OBSERVATION,CC_BY_NC_4_0,True,True,medium,True,False,False,False,,,True
3464826160,4d1b5fed-e12f-48e8-94cb-88cf80115dd1,RU,43.6412,132.5189,22000.0,HUMAN_OBSERVATION,CC_BY_4_0,True,True,very_low,False,False,False,False,,,True
4066094302,c4810740-506c-434a-b687-ce0275918a60,RU,43.683,132.507,12500.0,HUMAN_OBSERVATION,CC_BY_4_0,True,True,very_low,False,False,False,False,,,True
4597687274,28b85661-dc35-4dfc-acb3-6f0dc34ee716,RU,43.0426,132.5722,6596.0,HUMAN_OBSERVATION,CC_BY_4_0,True,True,low,True,False,False,False,,,True
4066089344,c4810740-506c-434a-b687-ce0275918a60,RU,43.1957,132.5497,12500.0,HUMAN_OBSERVATION,CC_BY_4_0,True,True,very_low,False,False,False,False,,,True
3398655859,50c9509d-22c7-4a22-a47d-8c48425ef4a7,RU,43.070774,132.646366,27537.0,HUMAN_OBSERVATION,CC_BY_4_0,True,True,very_low,False,False,False,False,,,True
3399124768,50c9509d-22c7-4a22-a47d-8c48425ef4a7,RU,43.197277,132.69132,27537.0,HUMAN_OBSERVATION,CC_BY_4_0,True,True,very_low,False,False,False,False,,,True
5932587185,50c9509d-22c7-4a22-a47d-8c48425ef4a7,RU,43.002254,132.801742,27537.0,HUMAN_OBSERVATION,CC_BY_4_0,True,True,very_low,False,False,False,False,,,True
3398720872,50c9509d-22c7-4a22-a47d-8c48425ef4a7,RU,43.113804,132.792689,1033.0,HUMAN_OBSERVATION,CC_BY_NC_4_0,True,True,medium,True,False,False,False,,,True
4066004345,c4810740-506c-434a-b687-ce0275918a60,RU,43.0678,132.8231,12500.0,HUMAN_OBSERVATION,CC_BY_4_0,True,True,very_low,False,False,False,False,,,True
4066006319,c4810740-506c-434a-b687-ce0275918a60,RU,43.7131,132.8247,12500.0,HUMAN_OBSERVATION,CC_BY_4_0,True,True,very_low,False,False,False,False,,,True
4066094305,c4810740-506c-434a-b687-ce0275918a60,RU,43.8992,132.841,12500.0,HUMAN_OBSERVATION,CC_BY_4_0,True,True,very_low,False,False,False,False,,,True
1697265516,902c8fe7-8f38-45b0-854e-c324fed36303,RU,43.886108,132.929067,5000.0,PRESERVED_SPECIMEN,CC_BY_4_0,True,True,medium,True,False,False,False,,,True
4066005350,c4810740-506c-434a-b687-ce0275918a60,RU,43.1233,133.012,12500.0,HUMAN_OBSERVATION,CC_BY_4_0,True,True,very_low,False,False,False,False,,,True
1993766860,50c9509d-22c7-4a22-a47d-8c48425ef4a7,RU,42.866146,133.074669,7443.0,HUMAN_OBSERVATION,CC_BY_NC_4_0,True,True,low,True,False,False,False,,,True
5727108629,efe230b2-0a42-41ec-b50a-f3c19ca4a99b,AU,-22.282754,133.249341,,MATERIAL_SAMPLE,CC0_1_0,True,True,unknown,True,False,False,False,,,True
3358527540,28b85661-dc35-4dfc-acb3-6f0dc34ee716,RU,45.1324,133.2642,39.0,HUMAN_OBSERVATION,CC_BY_4_0,True,True,high,True,False,False,False,,,True
4066005349,c4810740-506c-434a-b687-ce0275918a60,RU,44.4154,133.3581,12500.0,HUMAN_OBSERVATION,CC_BY_4_0,True,True,very_low,False,False,False,False,,,True
4522706398,50c9509d-22c7-4a22-a47d-8c48425ef4a7,RU,44.331008,133.560746,5000.0,HUMAN_OBSERVATION,CC_BY_NC_4_0,True,True,medium,True,False,False,False,,,True
4066092332,c4810740-506c-434a-b687-ce0275918a60,RU,42.9518,133.5854,12500.0,HUMAN_OBSERVATION,CC_BY_4_0,True,True,very_low,False,False,False,False,,,True
4066006320,c4810740-506c-434a-b687-ce0275918a60,RU,43.3894,133.8375,12500.0,HUMAN_OBSERVATION,CC_BY_4_0,True,True,very_low,False,False,False,False,,,True
5188313962,50c9509d-22c7-4a22-a47d-8c48425ef4a7,RU,43.429837,133.873838,16.0,HUMAN_OBSERVATION,CC_BY_NC_4_0,True,True,high,True,False,False,False,,,True
5108234340,50c9509d-22c7-4a22-a47d-8c48425ef4a7,RU,44.360679,133.879987,261.0,HUMAN_OBSERVATION,CC_BY_NC_4_0,True,True,high,True,False,False,False,,,True
5104724620,50c9509d-22c7-4a22-a47d-8c48425ef4a7,RU,44.346044,133.933965,255.0,HUMAN_OBSERVATION,CC_BY_NC_4_0,True,True,high,True,False,False,False,,,True
1697265489,902c8fe7-8f38-45b0-854e-c324fed36303,RU,42.976097,133.970662,,PRESERVED_SPECIMEN,CC_BY_4_0,True,True,unknown,True,False,False,False,,,True
4066094303,c4810740-506c-434a-b687-ce0275918a60,RU,43.059,133.9499,12500.0,HUMAN_OBSERVATION,CC_BY_4_0,True,True,very_low,False,False,False,False,,,True
3464828512,4d1b5fed-e12f-48e8-94cb-88cf80115dd1,RU,43.0994,133.9572,36000.0,HUMAN_OBSERVATION,CC_BY_4_0,True,True,very_low,False,False,False,False,,,True
4066092331,c4810740-506c-434a-b687-ce0275918a60,RU,43.217,134.0472,12500.0,HUMAN_OBSERVATION,CC_BY_4_0,True,True,very_low,False,False,False,False,,,True
1697265455,902c8fe7-8f38-45b0-854e-c324fed36303,RU,43.475409,134.048551,,PRESERVED_SPECIMEN,CC_BY_4_0,True,True,unknown,True,False,False,False,,,True
1697265499,902c8fe7-8f38-45b0-854e-c324fed36303,RU,43.184964,134.080733,,PRESERVED_SPECIMEN,CC_BY_4_0,True,True,unknown,True,False,False,False,,,True
4066006317,c4810740-506c-434a-b687-ce0275918a60,RU,45.7025,134.1549,12500.0,HUMAN_OBSERVATION,CC_BY_4_0,True,True,very_low,False,False,False,False,,,True
4066006318,c4810740-506c-434a-b687-ce0275918a60,RU,44.3066,134.1881,12500.0,HUMAN_OBSERVATION,CC_BY_4_0,True,True,very_low,False,False,False,False,,,True
4066092329,c4810740-506c-434a-b687-ce0275918a60,RU,45.4611,134.3041,12500.0,HUMAN_OBSERVATION,CC_BY_4_0,True,True,very_low,False,False,False,False,,,True
5730434014,efe230b2-0a42-41ec-b50a-f3c19ca4a99b,AU,-13.52115,134.50615,,MATERIAL_SAMPLE,CC0_1_0,True,True,unknown,True,False,False,False,,,True
4066005348,c4810740-506c-434a-b687-ce0275918a60,RU,45.5312,134.5036,12500.0,HUMAN_OBSERVATION,CC_BY_4_0,True,True,very_low,False,False,False,False,,,True
3464951569,4d1b5fed-e12f-48e8-94cb-88cf80115dd1,RU,48.2357,134.9004,18000.0,HUMAN_OBSERVATION,CC_BY_4_0,True,True,very_low,False,False,False,False,,,True
1697265459,902c8fe7-8f38-45b0-854e-c324fed36303,RU,45.821288,134.951237,3000.0,PRESERVED_SPECIMEN,CC_BY_4_0,True,True,medium,True,False,False,False,,,True
1697265466,902c8fe7-8f38-45b0-854e-c324fed36303,RU,44.340803,135.093944,5000.0,PRESERVED_SPECIMEN,CC_BY_4_0,True,True,medium,True,False,False,False,,,True
3470204349,4d1b5fed-e12f-48e8-94cb-88cf80115dd1,RU,44.349,135.0979,7000.0,HUMAN_OBSERVATION,CC_BY_4_0,True,True,low,True,False,False,False,,,True
3470202338,4d1b5fed-e12f-48e8-94cb-88cf80115dd1,RU,44.4252,135.084,2500.0,HUMAN_OBSERVATION,CC_BY_4_0,True,True,medium,True,False,False,False,,,True
4066092330,c4810740-506c-434a-b687-ce0275918a60,RU,44.3247,135.1415,12500.0,HUMAN_OBSERVATION,CC_BY_4_0,True,True,very_low,False,False,False,False,,,True
5720119840,efe230b2-0a42-41ec-b50a-f3c19ca4a99b,AU,-12.93256,135.20189,,MATERIAL_SAMPLE,CC0_1_0,True,True,unknown,True,False,False,False,,,True
3465037505,4d1b5fed-e12f-48e8-94cb-88cf80115dd1,RU,45.7805,135.2939,200.0,HUMAN_OBSERVATION,CC_BY_4_0,True,True,high,True,False,False,False,,,True
3465026392,4d1b5fed-e12f-48e8-94cb-88cf80115dd1,RU,45.7781,135.3568,1700.0,HUMAN_OBSERVATION,CC_BY_4_0,True,True,medium,True,False,False,False,,,True
3465041408,4d1b5fed-e12f-48e8-94cb-88cf80115dd1,RU,45.7895,135.421,2000.0,HUMAN_OBSERVATION,CC_BY_4_0,True,True,medium,True,False,False,False,,,True
5720383351,efe230b2-0a42-41ec-b50a-f3c19ca4a99b,AU,-14.195246,135.71916,,MATERIAL_SAMPLE,CC0_1_0,True,True,unknown,True,False,False,False,,,True
5726359582,efe230b2-0a42-41ec-b50a-f3c19ca4a99b,AU,-12.50916,135.81029,,MATERIAL_SAMPLE,CC0_1_0,True,True,unknown,True,False,False,False,,,True
5725796648,efe230b2-0a42-41ec-b50a-f3c19ca4a99b,AU,-14.224496,136.703332,,MATERIAL_SAMPLE,CC0_1_0,True,True,unknown,True,False,False,False,,,True
5729200685,efe230b2-0a42-41ec-b50a-f3c19ca4a99b,AU,-32.32096,137.9544,,MATERIAL_SAMPLE,CC0_1_0,True,True,unknown,True,False,False,False,,,True
5721915663,efe230b2-0a42-41ec-b50a-f3c19ca4a99b,AU,-35.60827,138.2613,,MATERIAL_SAMPLE,CC0_1_0,True,True,unknown,True,False,False,False,,,True
3413535268,dc692432-d85c-46cc-82bc-2fb1ff38decc,JP,36.227917,138.4375,2000.0,PRESERVED_SPECIMEN,CC_BY_4_0,True,True,medium,True,False,False,False,,,True
3324297844,dc692432-d85c-46cc-82bc-2fb1ff38decc,JP,36.227917,138.5,2000.0,PRESERVED_SPECIMEN,CC_BY_4_0,True,True,medium,True,False,False,False,,,True
5727357995,efe230b2-0a42-41ec-b50a-f3c19ca4a99b,AU,-33.9142,138.6038,,MATERIAL_SAMPLE,CC0_1_0,True,True,unknown,True,False,False,False,,,True
5728330327,efe230b2-0a42-41ec-b50a-f3c19ca4a99b,AU,-35.101999,138.650319,,MATERIAL_SAMPLE,CC0_1_0,True,True,unknown,True,False,False,False,,,True
5724178913,efe230b2-0a42-41ec-b50a-f3c19ca4a99b,AU,-34.692037,138.666994,,MATERIAL_SAMPLE,CC0_1_0,True,True,unknown,True,False,False,False,,,True
5728440019,efe230b2-0a42-41ec-b50a-f3c19ca4a99b,AU,-35.091744,138.676234,,MATERIAL_SAMPLE,CC0_1_0,True,True,unknown,True,False,False,False,,,True
5727302989,efe230b2-0a42-41ec-b50a-f3c19ca4a99b,AU,-34.88076,138.7083,,MATERIAL_SAMPLE,CC0_1_0,True,True,unknown,True,False,False,False,,,True
5721144810,efe230b2-0a42-41ec-b50a-f3c19ca4a99b,AU,-34.782194,138.682134,,MATERIAL_SAMPLE,CC0_1_0,True,True,unknown,True,False,False,False,,,True
5728812212,efe230b2-0a42-41ec-b50a-f3c19ca4a99b,AU,-34.734146,138.687703,,MATERIAL_SAMPLE,CC0_1_0,True,True,unknown,True,False,False,False,,,True
5729208603,efe230b2-0a42-41ec-b50a-f3c19ca4a99b,AU,-34.682267,138.676537,,MATERIAL_SAMPLE,CC0_1_0,True,True,unknown,True,False,False,False,,,True
5728812065,efe230b2-0a42-41ec-b50a-f3c19ca4a99b,AU,-34.657643,138.705377,,MATERIAL_SAMPLE,CC0_1_0,True,True,unknown,True,False,False,False,,,True
5728297187,efe230b2-0a42-41ec-b50a-f3c19ca4a99b,AU,-34.620188,138.782866,,MATERIAL_SAMPLE,CC0_1_0,True,True,unknown,True,False,False,False,,,True
5728297262,efe230b2-0a42-41ec-b50a-f3c19ca4a99b,AU,-34.616255,138.778137,,MATERIAL_SAMPLE,CC0_1_0,True,True,unknown,True,False,False,False,,,True
5725823697,efe230b2-0a42-41ec-b50a-f3c19ca4a99b,AU,-33.609,138.83405,,MATERIAL_SAMPLE,CC0_1_0,True,True,unknown,True,False,False,False,,,True
3323119739,4005c523-b315-46cc-bf57-f54dd3a28b93,JP,43.0363,141.3531,,PRESERVED_SPECIMEN,CC_BY_4_0,True,True,unknown,True,False,False,False,,,True
5730129049,efe230b2-0a42-41ec-b50a-f3c19ca4a99b,AU,-36.16972,142.21429,,MATERIAL_SAMPLE,CC0_1_0,True,True,unknown,True,False,False,False,,,True
5726149302,efe230b2-0a42-41ec-b50a-f3c19ca4a99b,AU,-35.01125,142.19247,,MATERIAL_SAMPLE,CC0_1_0,True,True,unknown,True,False,False,False,,,True
5727501247,efe230b2-0a42-41ec-b50a-f3c19ca4a99b,AU,-12.7805,143.31325,,MATERIAL_SAMPLE,CC0_1_0,True,True,unknown,True,False,False,False,,,True
5721378488,efe230b2-0a42-41ec-b50a-f3c19ca4a99b,AU,-39.9214,143.85151,,MATERIAL_SAMPLE,CC0_1_0,True,True,unknown,True,False,False,False,,,True
5726019046,efe230b2-0a42-41ec-b50a-f3c19ca4a99b,AU,-35.81581,143.90501,,MATERIAL_SAMPLE,CC0_1_0,True,True,unknown,True,False,False,False,,,True
5726886651,efe230b2-0a42-41ec-b50a-f3c19ca4a99b,AU,-38.474784,144.933751,,MATERIAL_SAMPLE,CC0_1_0,True,True,unknown,True,False,False,False,,,True
5720390753,efe230b2-0a42-41ec-b50a-f3c19ca4a99b,AU,-37.8483,144.9958,,MATERIAL_SAMPLE,CC0_1_0,True,True,unknown,True,False,False,False,,,True
5720296812,efe230b2-0a42-41ec-b50a-f3c19ca4a99b,AU,-37.9415,145.0535,,MATERIAL_SAMPLE,CC0_1_0,True,True,unknown,True,False,False,False,,,True
5719277180,efe230b2-0a42-41ec-b50a-f3c19ca4a99b,AU,-37.9644,145.1466,,MATERIAL_SAMPLE,CC0_1_0,True,True,unknown,True,False,False,False,,,True
5727846879,efe230b2-0a42-41ec-b50a-f3c19ca4a99b,AU,-16.103417,145.447883,,MATERIAL_SAMPLE,CC0_1_0,True,True,unknown,True,False,False,False,,,True
5722107330,efe230b2-0a42-41ec-b50a-f3c19ca4a99b,AU,-37.570246,145.517865,,MATERIAL_SAMPLE,CC0_1_0,True,True,unknown,True,False,False,False,,,True
5730225635,efe230b2-0a42-41ec-b50a-f3c19ca4a99b,AU,-37.521273,145.512328,,MATERIAL_SAMPLE,CC0_1_0,True,True,unknown,True,False,False,False,,,True
5730440468,efe230b2-0a42-41ec-b50a-f3c19ca4a99b,AU,-37.549526,145.549813,,MATERIAL_SAMPLE,CC0_1_0,True,True,unknown,True,False,False,False,,,True
5724763682,efe230b2-0a42-41ec-b50a-f3c19ca4a99b,AU,-37.522572,145.557441,,MATERIAL_SAMPLE,CC0_1_0,True,True,unknown,True,False,False,False,,,True
5728461727,efe230b2-0a42-41ec-b50a-f3c19ca4a99b,AU,-37.560059,145.572524,,MATERIAL_SAMPLE,CC0_1_0,True,True,unknown,True,False,False,False,,,True
5730440367,efe230b2-0a42-41ec-b50a-f3c19ca4a99b,AU,-37.499873,145.601307,,MATERIAL_SAMPLE,CC0_1_0,True,True,unknown,True,False,False,False,,,True
5729861482,efe230b2-0a42-41ec-b50a-f3c19ca4a99b,AU,-37.587062,145.629566,,MATERIAL_SAMPLE,CC0_1_0,True,True,unknown,True,False,False,False,,,True
5729929768,efe230b2-0a42-41ec-b50a-f3c19ca4a99b,AU,-37.445257,145.630823,,MATERIAL_SAMPLE,CC0_1_0,True,True,unknown,True,False,False,False,,,True
5727438316,efe230b2-0a42-41ec-b50a-f3c19ca4a99b,AU,-17.1036,145.61195,,MATERIAL_SAMPLE,CC0_1_0,True,True,unknown,True,False,False,False,,,True
5719839206,efe230b2-0a42-41ec-b50a-f3c19ca4a99b,AU,-17.092083,145.620217,,MATERIAL_SAMPLE,CC0_1_0,True,True,unknown,True,False,False,False,,,True
5730082020,efe230b2-0a42-41ec-b50a-f3c19ca4a99b,AU,-37.666565,145.679443,,MATERIAL_SAMPLE,CC0_1_0,True,True,unknown,True,False,False,False,,,True
5730463925,efe230b2-0a42-41ec-b50a-f3c19ca4a99b,AU,-37.828049,145.778368,,MATERIAL_SAMPLE,CC0_1_0,True,True,unknown,True,False,False,False,,,True
5730225488,efe230b2-0a42-41ec-b50a-f3c19ca4a99b,AU,-37.817914,145.796225,,MATERIAL_SAMPLE,CC0_1_0,True,True,unknown,True,False,False,False,,,True
5729847536,efe230b2-0a42-41ec-b50a-f3c19ca4a99b,AU,-37.807807,145.796225,,MATERIAL_SAMPLE,CC0_1_0,True,True,unknown,True,False,False,False,,,True
5727198949,efe230b2-0a42-41ec-b50a-f3c19ca4a99b,AU,-37.650668,145.820751,,MATERIAL_SAMPLE,CC0_1_0,True,True,unknown,True,False,False,False,,,True
5723951729,efe230b2-0a42-41ec-b50a-f3c19ca4a99b,AU,-31.5109,145.79996,,MATERIAL_SAMPLE,CC0_1_0,True,True,unknown,True,False,False,False,,,True
5730612686,efe230b2-0a42-41ec-b50a-f3c19ca4a99b,AU,-37.807807,145.834398,,MATERIAL_SAMPLE,CC0_1_0,True,True,unknown,True,False,False,False,,,True
5730182969,efe230b2-0a42-41ec-b50a-f3c19ca4a99b,AU,-37.86565,145.904712,,MATERIAL_SAMPLE,CC0_1_0,True,True,unknown,True,False,False,False,,,True
5729861540,efe230b2-0a42-41ec-b50a-f3c19ca4a99b,AU,-37.846614,145.90363,,MATERIAL_SAMPLE,CC0_1_0,True,True,unknown,True,False,False,False,,,True
5729382587,efe230b2-0a42-41ec-b50a-f3c19ca4a99b,AU,-17.52448,146.02815,,MATERIAL_SAMPLE,CC0_1_0,True,True,unknown,True,False,False,False,,,True
5726817779,efe230b2-0a42-41ec-b50a-f3c19ca4a99b,AU,-18.65067,146.15472,,MATERIAL_SAMPLE,CC0_1_0,True,True,unknown,True,False,False,False,,,True
5729732093,efe230b2-0a42-41ec-b50a-f3c19ca4a99b,AU,-43.097637,146.683175,,MATERIAL_SAMPLE,CC0_1_0,True,True,unknown,True,False,False,False,,,True
5722293125,efe230b2-0a42-41ec-b50a-f3c19ca4a99b,AU,-43.045499,146.74094,,MATERIAL_SAMPLE,CC0_1_0,True,True,unknown,True,False,False,False,,,True
5729616874,efe230b2-0a42-41ec-b50a-f3c19ca4a99b,AU,-43.167701,146.807225,,MATERIAL_SAMPLE,CC0_1_0,True,True,unknown,True,False,False,False,,,True
5720643862,efe230b2-0a42-41ec-b50a-f3c19ca4a99b,AU,-41.75804,147.17126,,MATERIAL_SAMPLE,CC0_1_0,True,True,unknown,True,False,False,False,,,True
5728468472,efe230b2-0a42-41ec-b50a-f3c19ca4a99b,AU,-42.55598,147.20049,,MATERIAL_SAMPLE,CC0_1_0,True,True,unknown,True,False,False,False,,,True
5726703869,efe230b2-0a42-41ec-b50a-f3c19ca4a99b,AU,-42.782137,147.251047,,MATERIAL_SAMPLE,CC0_1_0,True,True,unknown,True,False,False,False,,,True
5725535157,efe230b2-0a42-41ec-b50a-f3c19ca4a99b,AU,-42.998045,147.317363,,MATERIAL_SAMPLE,CC0_1_0,True,True,unknown,True,False,False,False,,,True
5730002206,efe230b2-0a42-41ec-b50a-f3c19ca4a99b,AU,-42.980972,147.299638,,MATERIAL_SAMPLE,CC0_1_0,True,True,unknown,True,False,False,False,,,True
5730493538,efe230b2-0a42-41ec-b50a-f3c19ca4a99b,AU,-42.868305,147.27917,,MATERIAL_SAMPLE,CC0_1_0,True,True,unknown,True,False,False,False,,,True
5724731027,efe230b2-0a42-41ec-b50a-f3c19ca4a99b,AU,-42.860117,147.282644,,MATERIAL_SAMPLE,CC0_1_0,True,True,unknown,True,False,False,False,,,True
5730028314,efe230b2-0a42-41ec-b50a-f3c19ca4a99b,AU,-42.947737,147.351494,,MATERIAL_SAMPLE,CC0_1_0,True,True,unknown,True,False,False,False,,,True
5728833187,efe230b2-0a42-41ec-b50a-f3c19ca4a99b,AU,-42.889828,147.334713,,MATERIAL_SAMPLE,CC0_1_0,True,True,unknown,True,False,False,False,,,True
5726149327,efe230b2-0a42-41ec-b50a-f3c19ca4a99b,AU,-34.85649,147.34673,,MATERIAL_SAMPLE,CC0_1_0,True,True,unknown,True,False,False,False,,,True
5729740323,efe230b2-0a42-41ec-b50a-f3c19ca4a99b,AU,-42.787222,147.399564,,MATERIAL_SAMPLE,CC0_1_0,True,True,unknown,True,False,False,False,,,True
5720032707,efe230b2-0a42-41ec-b50a-f3c19ca4a99b,AU,-35.656611,148.151667,,MATERIAL_SAMPLE,CC0_1_0,True,True,unknown,True,False,False,False,,,True
5727126219,efe230b2-0a42-41ec-b50a-f3c19ca4a99b,AU,-23.82285,148.25978,,MATERIAL_SAMPLE,CC0_1_0,True,True,unknown,True,False,False,False,,,True
5725944597,efe230b2-0a42-41ec-b50a-f3c19ca4a99b,AU,-42.0578,148.3021,,MATERIAL_SAMPLE,CC0_1_0,True,True,unknown,True,False,False,False,,,True
5725378543,efe230b2-0a42-41ec-b50a-f3c19ca4a99b,AU,-42.105769,148.336683,,MATERIAL_SAMPLE,CC0_1_0,True,True,unknown,True,False,False,False,,,True
5728643931,efe230b2-0a42-41ec-b50a-f3c19ca4a99b,AU,-36.445069,148.710961,,MATERIAL_SAMPLE,CC0_1_0,True,True,unknown,True,False,False,False,,,True
5729736575,efe230b2-0a42-41ec-b50a-f3c19ca4a99b,AU,-36.44835,148.717181,,MATERIAL_SAMPLE,CC0_1_0,True,True,unknown,True,False,False,False,,,True
5727293087,efe230b2-0a42-41ec-b50a-f3c19ca4a99b,AU,-35.5655,148.7831,,MATERIAL_SAMPLE,CC0_1_0,True,True,unknown,True,False,False,False,,,True
5719400861,efe230b2-0a42-41ec-b50a-f3c19ca4a99b,AU,-35.519917,148.772433,,MATERIAL_SAMPLE,CC0_1_0,True,True,unknown,True,False,False,False,,,True
5727564892,efe230b2-0a42-41ec-b50a-f3c19ca4a99b,AU,-35.4463,148.78455,,MATERIAL_SAMPLE,CC0_1_0,True,True,unknown,True,False,False,False,,,True
5727569191,efe230b2-0a42-41ec-b50a-f3c19ca4a99b,AU,-35.422733,148.795317,,MATERIAL_SAMPLE,CC0_1_0,True,True,unknown,True,False,False,False,,,True
5721228996,efe230b2-0a42-41ec-b50a-f3c19ca4a99b,AU,-35.3556,148.80014,,MATERIAL_SAMPLE,CC0_1_0,True,True,unknown,True,False,False,False,,,True
5728643663,efe230b2-0a42-41ec-b50a-f3c19ca4a99b,AU,-36.374722,148.849561,,MATERIAL_SAMPLE,CC0_1_0,True,True,unknown,True,False,False,False,,,True
5726290367,efe230b2-0a42-41ec-b50a-f3c19ca4a99b,AU,-36.301164,148.822417,,MATERIAL_SAMPLE,CC0_1_0,True,True,unknown,True,False,False,False,,,True
5721681009,efe230b2-0a42-41ec-b50a-f3c19ca4a99b,AU,-35.3929,148.81485,,MATERIAL_SAMPLE,CC0_1_0,True,True,unknown,True,False,False,False,,,True
5728910845,efe230b2-0a42-41ec-b50a-f3c19ca4a99b,AU,-35.371917,148.84465,,MATERIAL_SAMPLE,CC0_1_0,True,True,unknown,True,False,False,False,,,True
5719882051,efe230b2-0a42-41ec-b50a-f3c19ca4a99b,AU,-35.3365,148.8305,,MATERIAL_SAMPLE,CC0_1_0,True,True,unknown,True,False,False,False,,,True
5730594308,efe230b2-0a42-41ec-b50a-f3c19ca4a99b,AU,-36.440558,148.869222,,MATERIAL_SAMPLE,CC0_1_0,True,True,unknown,True,False,False,False,,,True
5728347268,efe230b2-0a42-41ec-b50a-f3c19ca4a99b,AU,-36.407228,148.853128,,MATERIAL_SAMPLE,CC0_1_0,True,True,unknown,True,False,False,False,,,True
5730586191,efe230b2-0a42-41ec-b50a-f3c19ca4a99b,AU,-36.345889,148.864372,,MATERIAL_SAMPLE,CC0_1_0,True,True,unknown,True,False,False,False,,,True
5722946328,efe230b2-0a42-41ec-b50a-f3c19ca4a99b,AU,-36.471972,148.920297,,MATERIAL_SAMPLE,CC0_1_0,True,True,unknown,True,False,False,False,,,True
5727606854,efe230b2-0a42-41ec-b50a-f3c19ca4a99b,AU,-35.607278,148.929694,,MATERIAL_SAMPLE,CC0_1_0,True,True,unknown,True,False,False,False,,,True
5725253632,efe230b2-0a42-41ec-b50a-f3c19ca4a99b,AU,-36.542064,148.979397,,MATERIAL_SAMPLE,CC0_1_0,True,True,unknown,True,False,False,False,,,True
5730570975,efe230b2-0a42-41ec-b50a-f3c19ca4a99b,AU,-36.297947,148.960614,,MATERIAL_SAMPLE,CC0_1_0,True,True,unknown,True,False,False,False,,,True
5730591367,efe230b2-0a42-41ec-b50a-f3c19ca4a99b,AU,-36.278453,148.955733,,MATERIAL_SAMPLE,CC0_1_0,True,True,unknown,True,False,False,False,,,True
5727564565,efe230b2-0a42-41ec-b50a-f3c19ca4a99b,AU,-35.601567,148.950867,,MATERIAL_SAMPLE,CC0_1_0,True,True,unknown,True,False,False,False,,,True
5722301510,efe230b2-0a42-41ec-b50a-f3c19ca4a99b,AU,-36.462169,149.000283,,MATERIAL_SAMPLE,CC0_1_0,True,True,unknown,True,False,False,False,,,True
5729934559,efe230b2-0a42-41ec-b50a-f3c19ca4a99b,AU,-35.8811,149.0083,,MATERIAL_SAMPLE,CC0_1_0,True,True,unknown,True,False,False,False,,,True
5730372388,efe230b2-0a42-41ec-b50a-f3c19ca4a99b,AU,-35.874867,149.01088,,MATERIAL_SAMPLE,CC0_1_0,True,True,unknown,True,False,False,False,,,True
5728643799,efe230b2-0a42-41ec-b50a-f3c19ca4a99b,AU,-36.226519,149.062625,,MATERIAL_SAMPLE,CC0_1_0,True,True,unknown,True,False,False,False,,,True
5729736694,efe230b2-0a42-41ec-b50a-f3c19ca4a99b,AU,-36.140736,149.062681,,MATERIAL_SAMPLE,CC0_1_0,True,True,unknown,True,False,False,False,,,True
5729076593,efe230b2-0a42-41ec-b50a-f3c19ca4a99b,AU,-36.267561,149.087828,,MATERIAL_SAMPLE,CC0_1_0,True,True,unknown,True,False,False,False,,,True
5722567131,efe230b2-0a42-41ec-b50a-f3c19ca4a99b,AU,-36.232858,149.085244,,MATERIAL_SAMPLE,CC0_1_0,True,True,unknown,True,False,False,False,,,True
5725090844,efe230b2-0a42-41ec-b50a-f3c19ca4a99b,AU,-36.149825,149.144725,,MATERIAL_SAMPLE,CC0_1_0,True,True,unknown,True,False,False,False,,,True
5723215353,efe230b2-0a42-41ec-b50a-f3c19ca4a99b,AU,-36.136358,149.131419,,MATERIAL_SAMPLE,CC0_1_0,True,True,unknown,True,False,False,False,,,True
5730590273,efe230b2-0a42-41ec-b50a-f3c19ca4a99b,AU,-36.878731,149.207533,,MATERIAL_SAMPLE,CC0_1_0,True,True,unknown,True,False,False,False,,,True
5729796878,efe230b2-0a42-41ec-b50a-f3c19ca4a99b,AU,-36.66735,149.282761,,MATERIAL_SAMPLE,CC0_1_0,True,True,unknown,True,False,False,False,,,True
5728168276,efe230b2-0a42-41ec-b50a-f3c19ca4a99b,AU,-36.674536,149.335772,,MATERIAL_SAMPLE,CC0_1_0,True,True,unknown,True,False,False,False,,,True
5725200715,efe230b2-0a42-41ec-b50a-f3c19ca4a99b,AU,-36.523397,149.304275,,MATERIAL_SAMPLE,CC0_1_0,True,True,unknown,True,False,False,False,,,True
5728872832,efe230b2-0a42-41ec-b50a-f3c19ca4a99b,AU,-36.223378,149.455342,,MATERIAL_SAMPLE,CC0_1_0,True,True,unknown,True,False,False,False,,,True
5722925469,efe230b2-0a42-41ec-b50a-f3c19ca4a99b,AU,-30.20177,149.596752,,MATERIAL_SAMPLE,CC0_1_0,True,True,unknown,True,False,False,False,,,True
5725749239,efe230b2-0a42-41ec-b50a-f3c19ca4a99b,AU,-33.2204,150.02722,,MATERIAL_SAMPLE,CC0_1_0,True,True,unknown,True,False,False,False,,,True
5730467945,efe230b2-0a42-41ec-b50a-f3c19ca4a99b,AU,-33.652818,150.268179,,MATERIAL_SAMPLE,CC0_1_0,True,True,unknown,True,False,False,False,,,True
5728066602,efe230b2-0a42-41ec-b50a-f3c19ca4a99b,AU,-32.4029,150.27246,,MATERIAL_SAMPLE,CC0_1_0,True,True,unknown,True,False,False,False,,,True
5726448079,efe230b2-0a42-41ec-b50a-f3c19ca4a99b,AU,-33.6479,150.31919,,MATERIAL_SAMPLE,CC0_1_0,True,True,unknown,True,False,False,False,,,True
5722740024,efe230b2-0a42-41ec-b50a-f3c19ca4a99b,AU,-33.578844,150.364634,,MATERIAL_SAMPLE,CC0_1_0,True,True,unknown,True,False,False,False,,,True
5728015694,efe230b2-0a42-41ec-b50a-f3c19ca4a99b,AU,-35.15914,150.636957,,MATERIAL_SAMPLE,CC0_1_0,True,True,unknown,True,False,False,False,,,True
5728723579,efe230b2-0a42-41ec-b50a-f3c19ca4a99b,AU,-35.164264,150.659444,,MATERIAL_SAMPLE,CC0_1_0,True,True,unknown,True,False,False,False,,,True
5719825187,efe230b2-0a42-41ec-b50a-f3c19ca4a99b,AU,-35.128049,150.658375,,MATERIAL_SAMPLE,CC0_1_0,True,True,unknown,True,False,False,False,,,True
5730538725,efe230b2-0a42-41ec-b50a-f3c19ca4a99b,AU,-33.80072,150.66628,,MATERIAL_SAMPLE,CC0_1_0,True,True,unknown,True,False,False,False,,,True
5729360263,efe230b2-0a42-41ec-b50a-f3c19ca4a99b,AU,-35.138023,150.70756,,MATERIAL_SAMPLE,CC0_1_0,True,True,unknown,True,False,False,False,,,True
5730414952,efe230b2-0a42-41ec-b50a-f3c19ca4a99b,AU,-34.0492,150.73294,,MATERIAL_SAMPLE,CC0_1_0,True,True,unknown,True,False,False,False,,,True
5728540615,efe230b2-0a42-41ec-b50a-f3c19ca4a99b,AU,-33.61158,150.72577,,MATERIAL_SAMPLE,CC0_1_0,True,True,unknown,True,False,False,False,,,True
5719013194,efe230b2-0a42-41ec-b50a-f3c19ca4a99b,AU,-35.141945,150.759602,,MATERIAL_SAMPLE,CC0_1_0,True,True,unknown,True,False,False,False,,,True
5726817563,efe230b2-0a42-41ec-b50a-f3c19ca4a99b,AU,-33.65373,150.74562,,MATERIAL_SAMPLE,CC0_1_0,True,True,unknown,True,False,False,False,,,True
5730056542,efe230b2-0a42-41ec-b50a-f3c19ca4a99b,AU,-31.9004,150.78452,,MATERIAL_SAMPLE,CC0_1_0,True,True,unknown,True,False,False,False,,,True
5726807968,efe230b2-0a42-41ec-b50a-f3c19ca4a99b,AU,-33.65123,150.79839,,MATERIAL_SAMPLE,CC0_1_0,True,True,unknown,True,False,False,False,,,True
5729926425,efe230b2-0a42-41ec-b50a-f3c19ca4a99b,AU,-34.4029,150.84216,,MATERIAL_SAMPLE,CC0_1_0,True,True,unknown,True,False,False,False,,,True
5727821760,efe230b2-0a42-41ec-b50a-f3c19ca4a99b,AU,-33.77004,150.86621,,MATERIAL_SAMPLE,CC0_1_0,True,True,unknown,True,False,False,False,,,True
5730454440,efe230b2-0a42-41ec-b50a-f3c19ca4a99b,AU,-33.61179,150.88022,,MATERIAL_SAMPLE,CC0_1_0,True,True,unknown,True,False,False,False,,,True
5729907634,efe230b2-0a42-41ec-b50a-f3c19ca4a99b,AU,-34.1485,151.03063,,MATERIAL_SAMPLE,CC0_1_0,True,True,unknown,True,False,False,False,,,True
5730190059,efe230b2-0a42-41ec-b50a-f3c19ca4a99b,AU,-33.74123,151.03748,,MATERIAL_SAMPLE,CC0_1_0,True,True,unknown,True,False,False,False,,,True
5726817621,efe230b2-0a42-41ec-b50a-f3c19ca4a99b,AU,-33.73046,151.10237,,MATERIAL_SAMPLE,CC0_1_0,True,True,unknown,True,False,False,False,,,True
5730436221,efe230b2-0a42-41ec-b50a-f3c19ca4a99b,AU,-33.7375,151.155,,MATERIAL_SAMPLE,CC0_1_0,True,True,unknown,True,False,False,False,,,True
5729907728,efe230b2-0a42-41ec-b50a-f3c19ca4a99b,AU,-33.2644,151.2917,,MATERIAL_SAMPLE,CC0_1_0,True,True,unknown,True,False,False,False,,,True
5724739304,efe230b2-0a42-41ec-b50a-f3c19ca4a99b,AU,-33.3731,151.3333,,MATERIAL_SAMPLE,CC0_1_0,True,True,unknown,True,False,False,False,,,True
5730181974,efe230b2-0a42-41ec-b50a-f3c19ca4a99b,AU,-31.9817,151.8161,,MATERIAL_SAMPLE,CC0_1_0,True,True,unknown,True,False,False,False,,,True
5730279005,efe230b2-0a42-41ec-b50a-f3c19ca4a99b,AU,-28.288659,152.424726,,MATERIAL_SAMPLE,CC0_1_0,True,True,unknown,True,False,False,False,,,True
5730580971,efe230b2-0a42-41ec-b50a-f3c19ca4a99b,AU,-28.227608,152.426866,,MATERIAL_SAMPLE,CC0_1_0,True,True,unknown,True,False,False,False,,,True
5727438344,efe230b2-0a42-41ec-b50a-f3c19ca4a99b,AU,-27.387599,152.878317,,MATERIAL_SAMPLE,CC0_1_0,True,True,unknown,True,False,False,False,,,True
4982788070,f328fdf8-7861-4432-b3c5-500b07ae5d29,NZ,-38.1,176.4,,PRESERVED_SPECIMEN,CC_BY_4_0,True,True,unknown,True,False,False,False,,,True
